name,comment
"@tventy8371
1 năm trước","ANH CÓ TÀI NĂNG TIỀM ẨN BÊN TRONG ĐẤY, GIẤU MẸ NÓ ĐI ANH ƠI"
"@thangnammusic
1 năm trước",+ 1 bài hát mà các quán cafe sẽ bật khi đã quá 9-10h =))))
"@Fantastic_Cyan07
1 năm trước",vào nghe nhạc vào đọc comment
"@Luzafj
10 tháng trước",Nghe xong “thao túng tâm trí “ của aku t phải quay lại để xin lỗi a quí :((
"@tuyendang6873
1 năm trước",CIA Mỹ nên thêm bài hát này vào danh sách những hình thức tra tấn man rợ nhất
"@lananhlythi1626
1 năm trước (đã chỉnh sửa)","hồi xưa thì ""cắm sừng ai thì cắm"" điếc tai trái, giờ ""ta vờn nhau pickleball"" điếc tai phải đều luôn :))))))))"
"@mownyu
1 năm trước",+ 1 bài hát mà các quán cafe sẽ bật khi đã quá 9-10h
"@hoanghhanh
4 tháng trước",Giờ nghe nhạc của Quốc kang r nghe lại picleball thì thấy bài này còn hay chán
"@quocbinhly8723
1 năm trước","Nghe bài này mà tôi thấy khâm phục, không phải vì hay, mà vì dám phát hành."
"@Thangngotdepzai
1 năm trước",cảm ơn bạn nhé tôi sẽ đặt bài này làm báo thức để thức dậy trước nó
"@Stonerduy
11 tháng trước",nhờ có bài này mà nhiều quốc gia tiết kiệm được khoản tiền khổng lồ cho việc thay thế án tử hình
"@sgbanana610
1 năm trước",Chính phủ Mỹ nên đưa bài hát này vào danh sách những vũ khí tâm lí đáng sợ nhất thế giới
"@ngochien7335
1 năm trước",Tôi sẽ đặt bài này làm chuông báo thức để tôi có thể dậy trước khi bài hát đc bật lên
"@sooker_67
1 năm trước","bác sĩ đg đỡ đẻ cho con tôi thì bài này bật lên thế là ông ấy nhanh tay cắt dây cảm âm thay vì dây rốn vì sợ hệ lụy sau này, ơn này tôi ko sao trả hết"
"@tuanmadridista4707
5 tháng trước",nghe xong last night phải quay lại đây để rửa tai
"@MinhTran-l8x
1 năm trước","tôi sẽ bật bài này vào đám tang của mình, để quan khách đến thăm ghen tị vì tôi là người nằm trong quan tài"
"@HwangNg2K
1 năm trước",Dô đọc cmt cười mệt quá tụi bây :))))))
"@PhongNguyen-pj3os
1 năm trước","Bảo anh Quí đừng để ý những cmt tồi tệ đó, vì bài này nó tồi tệ hơn"
"@saturnliebe
4 tháng trước",vừa lướt qua last night xong phải mở lại bài này để rửa tai
"@symbice
1 năm trước (đã chỉnh sửa)",có phải anh bạn tới đây để đọc comment thay vì nghe nhạc?
"@tnl4340
1 năm trước","""Tò mò từ Facebook qua đây nghe. Quả thật bài này rất hay, nhạc rất catchy, lời nhạc rất cô đọng. "" - một người điếc chia sẻ"
"@hainamha5527
1 năm trước","Cái lúc mà tôi đang nghe thử bài này trong phòng thì người nhà tôi đi vào, tôi đã vội vàng chuyển tab ngay sang pỏnhub vì như vậy có thể dễ dàng giải thích hơn. Tôi thấy mình chưa bao giờ nhanh trí đến như vậy"
"@sodeno19
10 tháng trước",dù đã 3 tháng nhưng khi nghe đi nghe lại nài này quá nhiều t tự nhiên thấy bài này cũng hay phết =)))
"@Psychology2019Ken
9 tháng trước",Sau 4 tháng tôi vẫn ngồi đây cười nhé
"@tringuyenhoangminh168
1 năm trước",Thực ra MV ca nhạc này là do AI làm nên chứ con người bình thường không ai đủ trình độ làm ra sản phẩm thế này cả
"@Thangngotdepzai
1 năm trước",Tôi không biết anh ấy có thù hận gì với các công ti thuốc sổ không nhưng tại sao anh ta lại tạo ra 1 sản phẩm để hủy diệt thị phần kinh doanh của họ
"@VảiCarLoon
1 năm trước (đã chỉnh sửa)",Có lẽ Nhà nước nên Dùng bài này bắt tội phạm pháp luật nghe 7 ngày 7 đêm cho đỡ tốn kinh phí nhà nước
"@Khoanguyen-to3zj
1 tháng trước",xin lỗi đỗ phú quí khi đã quá khắt khe với anh cho tới khi tôi nghe việt nam mới tinh :)
"@Ledangkhoa499
1 năm trước","Lúc giờ , bạn em bị liệt từ nhỏ . Bây giờ em cho nó nghe bài này và nó đứng dậy đi như bình thường, cảm ơn a. (mỗi tội nó đã điếc hoàn toàn)"
"@ĐạtTrần-n2l
1 năm trước","Vâng thực sự nghe bài này , bạn tôi từ người sống thực vật , đã có thể đứng dậy để tắt bài hát . Cảm ơn anh"
"@tuannguyen8070
1 năm trước",anh đừng quan tâm người ta nói gì về bài này em đại diện người bị điếc luôn ủng hộ anh
"@NsnsnsjNxndnd
9 tháng trước",t đến đây vì nghe bài thao túng tâm trí
"@ylnguyen261
1 năm trước","Lúc trước đi học toàn bị bạn bè trêu chọc nói xấu bên tai, nhờ có bài hát này mà tôi điếc mẹ luôn. Nhờ thế mà tôi ko nghe ai thì thầm nữa, cảm ơn tác giả."
"@zheneddie1350
1 năm trước","cảm ơn anh, bạn tôi bị liệt cơ mặt k cười đã 10 năm r, nay nghe bài này nó cười sái quai hàm luôn :))"
"@trangao2986
1 năm trước","Vào đọc cmt toàn thấy những mảnh đời nghiệt ngã vươn lên , đau ruột quá bây ơi"
"@vuvnguen
4 tuần trước",Bài này vừa ra được mấy tuần chỗ tao nó xây chục cái sân
"@PhatTran-xn9nv
1 năm trước","Nếu không có bài hát này, mối tình 3 năm giữa tôi và bạn gái đã có thể đi đến kết thúc rất tệ... Ngày 24/11/2024, giữa chúng tôi đã xảy ra bất đồng quan điểm, cả 2 không thể tìm được tiếng nói chung. Đã định kết thúc, bài hát Pickleball chợt vang lên từ đằng sau. Những giọt nước mắt đã lăn dài, đôi mắt nhìn nhau, tay nắm thật chặt và nghĩ rằng: Hóa ra trên đời vẫn tồn tại những thứ tồi tệ hơn."
"@vietanh4029
11 tháng trước",Nghe bài này vào đúng rằm tháng 7 thì cả nhà yên tâm.các oan hồn sẽ siêu thoát hết mà không cần phải cúng!
"@ChiếnVũ-x4g
1 năm trước","Bạn tôi bị tai nạn 3 năm nay , liệt 2 chân , đầu đập vào đất lên tai lúc nghe được lúc không, hầu như đi lại hay đi chơi thi thoảng tôi lai nó đi,nó tiêu cực lắm, thơ thẩn cả ngày rồi lại than thân trách phận nhưng khi tình cờ tôi bật youtube đến bài này thì lần đầu tiên sau 3 năm tôi thấy nó đứng dạy dùng chân sút vỡ bóng hình tivi :)) cảm ơn Phú quý đã cứu được 1 kiếp người"
"@Topwukong0
3 tháng trước",Mùa đông năm ấy……
"@kranus_1707
4 tháng trước",vừa nghe quốc kang xong phải ra đây rửa tai
"@đườnglinklạ.....2k8
1 năm trước",Con chó nhà tôi mất được 4 ngày tôi vừa chôn nó được ít ngày thì sáng hôm nay tôi bật bài này lên thì con chó của tôi xuất hiện và nhảy Gangnam style tôi rất sốc cảm ơn bạn vì bạn đã cứu con chó của tôi
"@manhquach1266
1 năm trước",Mình sẽ bật bài nhạc này lên trong 1 bữa tiệc khi mình muốn tất cả mọi người rời đi
"@nxlff8026
1 năm trước",Bài này xứng đáng nhận giải nobel hoà bình và nobel về y học vì nó đã giúp người bị bại liệt có thể đi lại bth để tắt nhạc và có thể giúp chữa trị bệnh điếc
"@giangha2229
1 năm trước","Em là chủ một doanh nghiệp nhỏ nhưng nhân viên rất lười làm. Từ ngày phát hành bài hát này, em ra chính sách nếu ai không làm việc sẽ phải nghe Pickleball 1 tiếng liên tục với âm lượng to nhất. Mới 10 ngày thôi doanh nghiệp em đã x2 doanh thu. Trân trọng biết ơn anh"
"@phattran-bs3ge
1 năm trước","Bài này nên được chôn xuống tất đất , thật sự là không có điểm nào để khen mv này !"
"@HàoNguyễn-u3z
1 năm trước","bài hát này đã giúp rất nhiều ng.Tôi đã đọc cmt và thấy anh đã giúp ng sống thực vật,ng bị bắt nạt/nói xấu,ng bị liệt,...có thể trở nên bình thường!!mn hãy gửi lời cảm ơn đến anh ấy đii"
"@hoangminhle1369
8 tháng trước",đang học thuộc bài thì tôi nghe bài này quên hết mẹ kiến thức rồi
"@tolyli1
1 năm trước","Riêng mình thấy bài này cũng không dỡ lắm, đổi lyrics, singer, producer rồi thay luôn con beat là được"
"@noobie1293
1 năm trước",Bài hát này đã giúp gần như tất cả mọi người trong cmt thể hiện được tài năng và trí tưởng tượng phong phú mà chính bản thân họ còn không nhận ra. Nó chính là chìa khóa để đánh thức khả năng thiên tài của người Việt Nam. Rất cảm ơn tác giả
"@diemthuy4208
1 năm trước",tôi đã bị anh Quí lườm 42 lần chỉ trong 3p14s =)))))))))))))
"@LinhĐinh-h1w
6 tháng trước",Xem tao đang ngủ thì lại phải để người ta bật nhạc bolero
"@guynonsense4157
1 năm trước","Dù chưa được nghe bài hát, nhưng kể từ khi nó ra đời, mọi người đều nhìn tôi với ánh mắt đầy tôn trọng. Bà chủ quán phở đã miễn phí tiền ăn sáng suốt tuần này cho tôi. Phụ nữ mang thai nhường ghế cho tôi ở trên xe buýt.Bọn con gái mỗi lần đi qua đều khúc khích cười nháy mắt với tôi. Ngay cả fan Barca cũng cúi đầu nhường đường. Là một người điếc bẩm sinh, tôi chưa bao giờ cảm thấy hạnh phúc như vậy trong đời."
"@TheDestinedOne-n7e
1 năm trước (đã chỉnh sửa)","Trước đây mình từng là một con nghiện internet: chơi game 6 tiếng/ ngày, lướt facebook, lên discord chửi nhau và rizz đám nhóc skibidi ohio giả gái alime. Sau khi anh đã cho ra một bài hát tuyệt vời như thế này, em cảm thấy cuộc sống của mình không nên chỉ gói gọn lại trong 4 bức tường dưới tầng hầm nhà hàng xóm, em cần điều gì đó tươi sáng, mới mẻ trong cuộc sống. Chính vì vậy, em đã tắt điện thoại, đi tắm, ra ngoài chạm cỏ, hít đất, hấp thụ khí ô xi và không bao giờ quay trở lại youtube nữa. Cảm ơn anh..( update: đã được 3 ngày tiếp xúc với thế giới bên ngoài và tránh xa mạng xã hội nhưng tôi cảm thấy cuộc sống đã tốt hơn, thậm chí tôi còn đang tranh cử với tổng thống Donald Trump để xem ai là người thừa kế ngôi vị chủ nhân của nứov Mỹ)"
"@tranglinh9769
11 tháng trước",Mặc dù bị tai tiếng nhưng mà ít ra pickleball giúp đỗ phú quí có tiếng còn hơn ngày xưa chả biết đến đỗ phú quý
"@idjotduck8821
2 tuần trước",tôi quay lại đây sau khi nghe bài Việt Nam mới tinh =))))
"@xudury7127
1 năm trước",Nếu bài này được phát hành vào năm 2019 thì covid sẽ không bao giờ dám đến Việt Nam
"@e_teru
1 năm trước","đây thực sự là một tài năng tiềm ẩn, hãy để cho nó ẩn"
"@memaybeovien
1 năm trước","cảm ơn anh, bạn em bị cụt tay em cho nó xem nó mọc lại tay tắt nhạc luôn"
"@AnLêThuỵ-h7s
10 tháng trước",T đã quay lại nghe pickleball khi nghe xong bài thao túng tâm trí
"@Mafioso_RBL
3 ngày trước",Tôi sẽ cố hồi sinh bài này
"@lamtung5058
1 năm trước","Bạn mình vốn rất đam mê pickleball, ngay khi nghe bài nhạc tuyệt vời này của ca sĩ, bạn mình đã đập vợt và quyết định sẽ không chơi bộ môn này nữa. Cảm ơn ca sĩ Phú Qúi đã giúp bạn mình đưa ra được 1 quyết định vô cùng đúng đắn, có lẽ là đúng đắn nhất từ trước tới nay."
"@hieunguyen-nu2nf
1 năm trước",Nếu a dùng bài này tham gia ATSH thì có lẽ a sẽ không có đối thủ. Vì đối thủ chạy hết rồi
"@ThươngGiaNam
9 tháng trước",nếu như bài này đc phát hành sớm thì thg bạn tôi đã ko chết vì đột quỵ
"@tiendoan1577
11 tháng trước","Bình thường đặt báo thức dậy tui thường xuyên dậy muộn và mệt mỏi nhưng từ khi có bài này phát hành thì tui đã cài báo thức vào thay thế, cứ mỗi sáng có báo thức này thì tui không còn dậy trể và không mệt mỏi nữa . Tui cảm ơn tác giả!"
"@OINHOKIA
1 năm trước",Xin chân thành cảm ơn ĐPQ.Con gái của chị tôi khi vừa mới sinh ra lại không khóc bác sĩ ra đánh mông cũng không khóc mà khi mới chỉ nghe điệu nhạc này nó đã gào mồm lên khóc nức nở.
"@kimhoang7139
9 tháng trước",Thảm họa đầu tiên của t là cái ngạc này
"@Nglainh2309
10 tháng trước",Vừa chạy về đây sau khi nghe Thao túng tâm trí Tự nhiên đc rửa tai
"@Resolut1on2811
1 năm trước","Lúc giờ , bạn em bị liệt từ nhỏ . Bây giờ em cho nó nghe bài này và nó đứng dậy đi như bình thường, cảm ơn a"
"@JacksonMaskerville
10 tháng trước","Từ khi nghe bài “Thao túng tâm trí” của Awai, tôi nhận ra mình đã quá khắt khe với “Pickleball”."
"@shuuuugaming
1 năm trước","Tôi là một quản giáo trong cai nghiện ma túy, từ ngày mà tôi bật bài hát này lên mọi người đã vui tươi yêu đời hơn hẳn và không còn sợ hãi với ""Cái chết trắng"" nữa, phải chăng trên đời này có tồn tại thứ còn tệ nạn hơn cả ma túy?"
"@adu-ElevenZ
1 năm trước",Cảm ơn bài này đã trở thành chuông báo thức. Vì tôi sẽ dậy trước khi nó phát ra nhạc
"@Nendoitengibaygio
2 tháng trước",Giờ ai còn nghe ko:))
"@manhdinh0397
1 năm trước",T mà ở chỗ hôm quay mv chắc t cho cả ekip mỗi đứa 1 cái vợt Pickleball vô đầu quá
"@theng-r9g
1 năm trước","cảm ơn đỗ phú quí, tôi bị một người lạ theo dõi mấy ngày nay rồi, tôi rất sợ, tôi không thể báo cảnh sát được, tôi sợ ông ta sẽ giết tôi, nhưng sau khi tôi bật bài này của anh thì ông ta đã chạy mất với khuôn mặt hoảng sợ tột độ và mấy ngày nay không thấy ông ấy xuất hiện nữa, đây là câu chuyện có thật, tôi chân thành cảm ơn đỗ phú qúi đã giúp tôi tai qua nạn khỏi."
"@cuccuckicuc4902
1 năm trước","Cảm ơn Quí, tôi là một chủ sân pickleball. Hôm đó tôi muốn đóng cửa sớm vì có việc bận mà không biết làm thế nào, thật tình cờ khi bật bài hát của bạn lên thì mọi người đều đi về hết. Chân thành cám ơn giai điệu này của bạn, chúc bạn không bao giờ ra bài nào nữa"
"@đờianhlàzuka-j97
1 tháng trước",Xin lỗi pickleball vì đã quá khắc khe
"@BaooAnnDuongLee
1 năm trước","tôi vốn là 1 người học ngu, lần nào cũng đứng cuối lớp đến khi nghe bài hát này, tôi đã vươn thẳng lên top 1 vì biết rằng học ngu thì cs thể nghe bài này"
"@phongang8031
1 năm trước",Vào nghe nhạc Vào đọc cmt
"@Vikijr04
1 năm trước","hỡi thế gian ai là người giỏi toán, giải dùm tôi bài toán pickleball, 64 năm chữa cho người thực vật, chưa lần nào bỏ xót 1 ca , nằm yên đây chăn ấm đệm êm, nhưng bật pickleball thì phải đứng dậy đi tắt, muốn đánh thức công chúa chúng ta cần một nụ hôn, nhưng trị táo bón chúng ta cần tiếng ca cất lên từ nhà thơ phú quí, một rừng thì không thể có hai hổ, nhưng nguyên liệu thuốc xổ thì không thể thiếu hẹn pickleball"
"@aihỏi-o5k
2 ngày trước (đã chỉnh sửa)",KSI phải gọi cái này bằng skibidi
"@tungltcn
1 năm trước","Nhà interpool đến ủng hộ ạ, nhạc như đb ý"
"@pudi0809
1 năm trước","Chưa bao giờ tôi thấy quảng cáo lại có ích đến vậy. 15s giây ấy như một khoảnh khắc tuyệt vời nhất của đời tôi, giống như một kẻ bị tra tấn tìm được lối thoát của đời mình."
"@themliemnach
1 năm trước",Dì sáu của em bị đột quỵ giờ đang phải nằm trong bệnh viện đột quỵ Cần Thơ. Nghe em mở bài này trên tv dì đã đột nhiên đứng dậy và tắt nó đi xong mắng em vì đã xúc phạm thính giác của người khác trong bệnh viện. Cảm ơn anh đã giúp dì em khỏi bệnh
"@tranngocminh195
1 tháng trước",chúng ta đã quá khắc khe với pickle ball
"@Mr-he7rr
1 năm trước","Tôi là một người thích xem phim kinh dị và tôi thực sự mong một ngày nào đó Việt Nam có thể sản xuất ra được một bộ phim tầm cỡ như hollywood. Tuy nhiên từ trước đến giờ chưa một bộ phim kinh dị nước nhà nào có thể thỏa mãn được tôi, đó là cho đến khi tôi nghe được bài hát của bạn. Chỉ với 3 phút hơn, chỉ 3 phút thôi, bạn đã đưa tôi đi từ kinh hãi đến ám ảnh, cùng với đó sự hack não trong nội dung khiến tôi không thể ngừng suy nghĩ về bài hát này. Có lẽ tôi phải đến gặp các đặc vụ áo đen để mượn máy xóa kí ức của họ, nếu không lời bài hát này có thể khiến não tôi bại liệt như cách các video tiktard đã từng làm mất!"
"@vettrankhoi7867
1 năm trước",Cảm ơn anh vì từ giây phút bài nhạc này đc đăng tải thì ô nhiễm không khí đã không còn là vấn đề nghiêm trọng khi đem so sánh với ô nhiễm âm thanh nữaCảm ơn anh
"@ZeroTheSimp1233
1 năm trước",Anh ấy thực sự có tài… tài liệu tra tấn dã man nhất 2024
"@LeoNinh
7 tháng trước",Bạn tôi sắp chết tỉnh dậy khoẻ mạnh để tắt bài này
"@thachpham5004
1 năm trước","Nói thật chứ nể thg Edit với Camera dã man, cuộc sống mưu sinh vì đồng tiền phải nhắm mắt bịt tai ngậm miệng để ra sản phẩm."
"@ntnt9613
1 năm trước","Cảm ơn Đỗ Phú Quý, bạn thân của tôi vừa bị cụt tay vừa bị cụt chân nhưng khi em mở bài hát này và đi vệ sinh ra thì thấy nó mọc tay mọc chân lại như người bình thường và chạy đi tắt nhạc, tôi chân thành cảm ơn Đỗ Phú Quí rất nhiều"
"@TheWeddingPlaylistSong
1 năm trước","Nghe xong bài hát này, tôi đã phải kiểm tra lại loa của mình xem có bị hỏng không. Nhưng không, nó hoạt động hoàn hảo, chỉ là bài hát quá tuyệt vời. Thật không ngờ một bài hát lại có thể khiến tôi trân trọng những khoảnh khắc im lặng trong cuộc sống đến thế. Cảm ơn Đỗ Phú Quí đã cho tôi một cái nhìn mới về âm nhạc"
"@CabAbc-i2i
1 năm trước","Tôi vốn là một bác sĩ tâm lí ở bệnh viện cấp cao thế giới, cả sự nghiệp của tôi chưa bao giờ phải nhận một cú sốc tâm lí nào cho đến ngày 28/11 năm nay, tôi tiếp nhận 1 bệnh nhân bị sốc tâm lí nặng nề, tôi luôn thắc mắc tại sao cho đến khi tôi thấy điện thoại của bệnh nhân vẫn được cầm trên tay, vì tò mò tôi mở lên và bài hát này được phát lên, kết quả là nó đã khủng bố tinh thần của tôi và bệnh nhân càng sốc nặng hơn. Bây giờ chiếc điện thoại đó đã được cho vào bảo tồn vũ khí tâm lí hạng nặng của thế giới mà nhân loại từng tạo ra bằng lời hát. Tôi hiện tại đã bỏ việc vì sợ nhận những cú sốc như vậy thêm 1 lần nữa và tôi tự nhốt mình trong phòng cách âm dày 10m. Cảm ơn Đỗ Phú Quí đã cho tôi biết thế nào được gọi là khủng bố và đã cho tôi biết mạng xã hội thế giới tàn khốc và đáng sợ thế nào. Chân thành cảm ơn tác giả, cảm ơn Đõ Phú Quý"
"@ZlAGCK
1 năm trước",nếu bài này được phát hành vào năm 1900 thì titanic sẽ bị lãng quên là thảm hoạ tồi tệ nhất
"@korosensei1705
1 năm trước","cảm giác thời gian plank 3 phút trôi qua còn nhanh hơn 3 phút nghe bài này, vừa dai dẳng vừa ám ảnh"
"@tuananhtosicx3834
9 tháng trước",Ai quay lại đây vì yanbi ko ;)))
"@Furinacon
1 năm trước",Hồi trc bn tôi bị tai nạn và liệt đi đôi chân hôm nay tôi đến thăm nó và cs bật nhạc cho nó nghe thử ko ngờ là nó đứng dậy tắt nhạc r đấm tôi vài cú.Cảm ơn anh ĐPQ đã giúp bn tôi hết bị liệt
"@TrungPhạmĐình-g1i
1 năm trước",Nước ngoài: Thick of it by KSI Việt Nam: Pickleball by Phú Quí
"@bingmicrosoft1972
11 tháng trước",tôi đang đi xe máy tốc độ cao nghe nhạc. Khi đến bài này tôi đã bỏ cái tai nghe xuống và đi tuân thủ giao thông gương mẫu. Cảm ơn bài hát vì đã giúp tôi cải tà quy chính trở thành 1 người dân tốt
"@hailuacon2015
7 tháng trước",Xem cái này xong cái thằng em họ hát quài luôn rồi tối nó cũng hát luôn
"@MinhPhươnglâm-i2m
1 năm trước","cảm ơn Đỗ Phú Quí , khi mà chú chim bồ câu bé bỏng của tôi đang hấp hối sau một chấn thương thì cũng là lúc tôi mở bài này lên.Sau khi nghe được bài hát này thì ẻm đã bay thẳng vào nồi cháo mẹ tôi đang nấu và thành món cháo bồ câu rất ngon"
"@ngoanhtai3822
1 năm trước","+1 bài hát giúp chữa nhiều loại bách bệnh từ gãy chân đến điếc tai, xứng đáng đc nhận giải Nobel Y học =)"
"@bowie_cutii
1 năm trước",bạn của t đã bị liệt vì tai nạn và bị điếc 2 năm r gia đình của nó muốn mua máy trợ thính nhưng mà ko có tiền.Lúc nghe bài này thì bạn của t đã có thể nghe lại và đứng dậy để đập máy.Cảm ơn anh Quí
"@ThuBui-iv4wp
9 tháng trước",tôi đi ra mộ của cụ tôi rồi tôi bật nhầm nhạc nay cụ toiu quan tài chui lên tắt nhạc luôn
"@starboy98-t7o
10 tháng trước",I’m adding this into my “don’t let the homies hear” playlist ️
"@thaoliyy
1 năm trước",0:11 lo nhaaa ạ
"@thotimASD
10 tháng trước",Cảm ơn tác giả Đỗ Phú Quý rất nhiều! Tôi là nhóm trưởng và mấy đứa trong nhóm rất quậy phá. Và s khi nghe được bài hát này hầu như mấy đứa trong nhóm đã nghe lời t và họp tác với t trong việc thảo luận nhóm.
"@NToePoeToe-DaMat2Kenh
5 tháng trước",đang ăn cơm thấy thk em mở bài này lên tôi đã bị tiền đình ngay tại chỗ
"@hainguyen_2906
1 năm trước",Sau chuỗi bất bại 21 ngày thì cuối cùng tôi cũng đã tạch NNN khi thấy MV này.
"@NirzSaiu
1 năm trước",Đỗ Phú Quí và chấp niệm Sheesh của anh ấy
"@Duboi0722
1 năm trước",Mình ko thể chờ phiên bản Táo Quân sắp tới của bài hát này
"@thanhbieu88
2 tháng trước",Đứa lớp tui bị nghiện bài này rồi
"@Rover_Doven
1 năm trước",Nghe xong cảm giác ghen tị với người điếc
"@BreadT220
1 năm trước","Mấy người k biết nghe nhạc chê chứ riêng mình thấy bài này mà bật trong bar club đồ thì cực kì cháy, cháy mới thấy ho"
"@tuongbui1803
1 năm trước","1 bài nhạc tuyệt vời để làm chuông báo thức , tôi sẽ luôn thức dậy trước khi báo thức kêu để tắt nó đi"
"@Nguyentrongtky
9 tháng trước",Sau khi nghe bài thao túng tâm trí của awai tôi phải quay lại đây để xin lỗi anh Quý
"@WTF-yx3nt
1 năm trước",Nếu mỹ thả bài này xuống nhật thì h ko có anime để xem
"@Mochi-n-Luka
1 năm trước",Theo lời kể lại của các cựu binh: năm 1945 tại nhà tù Côn đảo họ đã bị bắt nghe bài này
"@chipheo3775
1 năm trước (đã chỉnh sửa)","tôi là công an hình sự, tổ chuyên án của tôi vừa rồi bắt được một tên tội phạm nguy hiểm nhưng thẩm vấn mãi về cả thể xác lẫn tinh thần mà hắn vẫn không hé nửa lời dù chúng tôi có áp dụng các hình thức tra tấn như thời trung cổ. nghe dân gian đồn về bài hát phú quý nên chúng tôi đã mở bài nhạc này cho tên tội phạm nghe. Thật bất ngờ, hắn ta nghe chưa hết bài đã vội vàng xin tha và khai hết ra mọi tình tiết"
"@quanharry6170
2 tháng trước",T cứ nghĩ bài mùa hè không nóng là bựa nhất rồi không ngờ còn bài này
"@happyyy99
11 tháng trước","Thằng chồng em nó ngủ nướng gọi mãi không chịu dậy, thế là em mở bài này lên cho nghe được 2,3 câu đầu, nó dậy luôn. Cảm ơn anh đã cho ra sản phẩm hay như này ạ"
"@kame374
1 năm trước","Cảm ơn DPQ, tôi là người Triều Tiên đã đào tẩu khỏi đất nước trải qua hơn 10 năm lên kế hoạch sinh tồn, lẩn trốn để tránh thảm hoạ hạt nhân có thể sẽ diễn ra ở nước tôi, làm việc cực khổ hơn 5 tháng ở VN để mua một chiếc đt và vid đầu tiên tôi nghe đc là Pickleball, tôi nhận ra thế nào mới là thảm hoạ thực sự, hiện tôi đã đi về nước và nhận án tử hình, cảm ơn ĐPQ, tôi iu pickleball"
"@lag4118
1 năm trước (đã chỉnh sửa)",bạn thật tuyệt vời khi giúp tôi nhận ra 3 phút 15 giây vừa qua chính là khoảng thời gian lãng phí nhất cuộc đời tôi
"@QuânDương-x4t
9 tháng trước",Qua đây từ bài thao túng tâm trí
"@cung_hehe
1 năm trước","""Nhạc như đái vào nền âm nhạc của nước nhà"""
"@Kwancter
1 năm trước","Nếu thiên thạch rơi xuống trái đất, mở bài hát này nên thiên thạch sẽ tự đổi hướng quỹ đạo, nếu người ngoài hành tinh có ý định xâm chiếm trái đất, mở bài hát này nên họ sẽ khóc lóc xin hàng."
"@rogue5568
1 năm trước","Tôi là một người yêu hòa bình, từ trước đến giờ tôi luôn thích những cách giải quyết mà luôn dẫn đến kết cục tốt. Sau khi bật máy điện thoại lên và nghe bài này thì tôi cảm thấy cuộc sống của mình càng yên bình hơn. Chính vì thế nên tôi quyết theo tư tưởng Đức Quốc Xã để quên đi bài này. Chúc bạn không bao giờ ra bài nữa"
"@nguyenvulong6062
5 tháng trước (đã chỉnh sửa)",Bài này hơn 2 bài của Quốc Kang say hi =)))))) nhạc quốc kang dành cho người khuyết tật nghe vài phút xog hết khuyết
"@Mitsroblox
1 năm trước",1:03 em đã bị điếc trong 10 năm sau khi nghe bài nhạc này thì tai em đã bình thường mà không còn bị điếc nữa
"@giahuymai465
1 năm trước","Bài này hay thật sự, xứng đáng vươn tầm quốc tế, ngang với Thick of it của KSI"
"@nghithao1434
1 năm trước",Oil nhà Phạm Anh Duy đi đánh banh cùng anh Quí
"@AnhTuan-gj9lb
4 tháng trước",lúc trước tui là nng thực vật nhưng nhờ bài hát này tui có thể đứng dạy và tắt đi
"@DinhNguyenXVN
1 năm trước",Khai nhanh Mọi người vào đây không phải để nghe nhạc Mà là để đọc cmt tấu hề đúng không?
"@LuminousSky-h1kar1
1 năm trước","Tôi thích nhất cái đoạn anh ấy nói ""đến lúc pickleball rồi"" và bắt đầu pickleball tùm lum"
"@duyen_.103
1 năm trước (đã chỉnh sửa)","Cảm ơn Đỗ Phú Quí đã cho tôi được nghe bài này. Thực sự mà kể thì có thể chẳng ai tin, nhưng mà bố tôi sau khi nghe xong thì đã tắt tivi mà mở bolero vì nó quá là PICKLEBALL"
"@sunnyly5790
1 tháng trước",mình vừa nghe Một Việt Nam Mới Tinh liền phải qua đây.......
"@TùngLâmNguyễn-w9c
1 năm trước","Tôi làm việc tại khoa tâm thần của 1 bệnh viện. Trước đây, khoa của tôi rất ít bệnh nhận và chúng tôi làm việc vô cùng nhàn nhã, thoải mái. Nhưng từ khi bài nhạc tuyệt vời này được cả sĩ Qúi cùng nhà sản xuất cho ra mắt, bằng 1 cách thần kỳ nào đó, khoa tôi 2 tuần nay số lượng bệnh nhân khám tại khoa bỗng tăng đột biến. Bọn tôi đã trải qua 2 tuần vô cùng bận rộn và bị nhấn chìm trong công việc. Thay mặt ae khoa tâm thần tại bệnh viện của tôi chân thành cảm ơn ca sĩ Đỗ Phú Qúi và nhà sản xuất!!"
"@hanhnguyenthi9711
1 năm trước","Moẹ từ bé đến giờ tôi chưa bao giờ nghe đc quả nhạc nó lại hay như v lại còn hữu ích nữa.E là nv ở quán cà phê nọ, hôm đó là quán e có một nhóm khách ngồi lì từ 7h đến 12h mà ko về dù cho bọn e đã đuổi khéo khách mà khách chẳng chịu hiểu, may quá hôm ý nhân duyên thế nào lại va phải bài này của a thế là e liền bật lên nghe thử thế nào mà khách ms nghe đc đoạn đầu mà đã chạy mất dép, đm diệu kì vl e cảm ơn a Quí, mong lần sau a hãy sáng tác thêm vài bài như thế này nữa để quán e lưu vào đuổi khéo khách"
"@NganNguyen-pw8zc
1 năm trước","cảm ơn đpq.chuyện là tôi là một giáo viên có một số học sinh lớp tôi bị khiếm thính nhưng sau khi con tôi đến lớp đợi tôi và "" mở bài pickleball"" bệnh khiếm thính của 1 số học sinh đã khỏi còn tôi sắp điếc đến nơi rồi"
"@khanhDuong-s5m
10 tháng trước",nghe xong từ điếc thành ng bình thường luôn
"@hongvynguyen-jr3sz
1 năm trước",Muzik tới ủng hộ anh đây
"@havu-b7t
1 năm trước","Cảm ơn Đỗ Phú Quý, bố tôi bị tai nạn sống thực vật nhưng nhờ có bài này khiến bố tao tỉnh dậy để tắt bài nay đi"
"@memstolenhoactulam
1 năm trước",thực sự đây là chuông báo thức gọi dậy nhanh nhất bởi vì nếu bạn không dậy mà tắt thì cơ thể bạn có thể đột tử mà chết
"@TânPhan-z9r
9 tháng trước",Nếu bài này đc sáng tác năm 1945 thì little boy vs fat màn sẽ bị lãng quên
"@wind5409
1 năm trước","Sau khi nghe bài này bệnh trĩ của tôi đã chấm dứt, tôi ăn được ngủ được và trên hết tôi đã đi ia mượt chưa từng thấy, cảm ơn anh"
"@TKhnBt
1 năm trước","Xem MV này xong tôi đã mất đi thị lực, nghe xong bài hát này tôi đã mất đi thính giác"
"@Vanhxanh
1 năm trước","Âm nhạc có thể chữa lành mọi vết thương. Tôi đã không tin điều đó cho đến khi gặp được bài hát này. Chuyện là tôi có một người bạn bị tai nạn nằm trên giường bệnh đã hơn chục năm nay, đến bác sĩ cũng bảo bạn ấy chỉ có thể sống thực vật đến hết cuộc đời. Vậy mà sau khi nghe ca khúc này, bạn tôi đã đột nhiên bật dậy để tắt nhạc, quả là một bài hát diệu kì .Cảm ơn tác giả Đỗ Phú Quí rất nhiều"
"@KhảNhiDang-b4m
5 tháng trước",Khi t bật phụ đề:️️️
"@therielbad0ge
1 năm trước (đã chỉnh sửa)",0% guns 0% nudity 0% crime 0% drugs 0% talent 100% PICKLEBALL
"@ÁnhNguyễnNgọc-v7d
1 năm trước",Embes đến ủng hộ ah đâu zồi
"@Quantraan
1 năm trước",Nếu Ngô Thừa Ân mà biết tới bài hát này thì đã không cần tới vòng Kim Cô để áp chế Tôn Ngộ Không
"@boyvncow4130
6 tháng trước",tai t lại bị điếc sau khi nghe bài này lần nữa:v
"@PhoGame29
1 năm trước (đã chỉnh sửa)","thằng bạn tôi bị táo bón 2 tuần đi bác sĩ bảo đã bị táo món mãn tính vô phương cứu chữa, yêu cầu gia đình về chuẩn bị lo liệu hậu sự. Hôm sau tôi qua thăm để gặp nó lần cuối và tôi đã mở bài này, và ngay sau đó tôi ngửi thấy mùi thum thủm."
"@NewMc-d1f
1 năm trước","Má ơi, nửa đêm t vào đây nghe thử và cười như điên khi đọc các comments của mọi người. Mong Đỗ Phú Quí không buồn, suy nghĩ tích cực và làm tốt hơn ở những lần sau em nhé!"
"@KuDaPot
1 năm trước",Chúng ta có Thick Of It thứ hai trước GTA 6
"@jstinnguyen_21
10 tháng trước",Bài này vượt mức pickleballs rồi đó
"@toanchanh4399
1 năm trước","Nếu như tôi chết , trong đám tang của tôi sẽ bật bài này vì tôi có thể bật nắp quan tài và tắt cmn bài này đi , cảm ơn"
"@imdud-i2r
1 năm trước","2 ngày trước, bạn mình bị xe tải tông, bạn ấy đã sống sót nhưng lại bị liệt cả người. Mình buồn lắm vì bạn ấy đã là bạn của mình suốt 6 năm qua. Rồi, mình tìm thấy bài hát này, lúc mình bật lên, bạn mình đứng dậy và ném cái máy xuống đất, sau đó chạy xuống và đạp nát nó không thương tiếc, mình cũng tham gia vào, bạn và tôi đã có những khoảng thời gian vui vẻ cùng nhau hơn và đã lấy lại được cảm giác vui vẻ ấy, cám ớn anh Quí, tất cả là nhờ anh mà bạn em đứng dậy để đập máy, và em cũng xin thay mặt cộng đồng người điếc cám ơn anh vì đã làm cho bạn mình hồi sinh, cám ơn anh nhiều Cá nhân em thấy rằng, đoạn 3:15 trở đi là hay nhất"
"@berryjapan1798
1 năm trước","Cảm ơn vì đã sáng tác ra bài nhạc này. Nyc của mik vừa mới mất hôm qua, mik vừa mới bật bài này để thay cho bài đám ma để nó yên lòng được siêu thoát, cái rồi nyc mik đập nắp quan tài sống dậy để tắt cái loa và điều đó khiến cho mik rất hạnh phúc"
"@ahihi-z3n
5 tháng trước",tôi chắc last night có mối quan hệ ruột thừa với bài này
"@tranquyen5294
1 năm trước","Cảm ơn anh rất nhiều, tôi là một người rất thích trồng cây nhưng mỗi lần trồng cây cây đều chết, kể từ khi có bài hát này tôi đã nói với những cái cây đó nếu chúng không sống tôi sẽ mở bài hát này với âm lượng lớn nhất trong suốt 5 ngày. Không ngờ, sau lần nói đó mà những cái cây tôi trồng sống rất khoẻ và dù tôi không tưới nước trong suốt 1 tháng đi chăng nữa nó vẫn rất xanh và tươi. Tôi cảm ơn anh và nhà phát hành vì đã tạo ra bài hát, phát hành nó lên ứng dụng này!"
"@lehajung96
1 năm trước (đã chỉnh sửa)","Nói đi cũng nói lại, bài hát này cũng đã giúp rất nhiều số phận vượt lên khó khăn, tìm được phép màu trong cuộc sống chẳng hạn như con chó nhà mình bị cụt chân bẩm sinh rất đáng thương nhưng khi nghe bài này thì chân nó đã mọc trở lại và điều đầu tiên nó làm là chạy tới cắn nát cái loa đang phát bài này .. tuy đã có lại chân nhưng tinh thần nó hiện k còn bình thường như trước nữa :(( .. dù sao mình cũng cảm ơn tác giả và mong phép màu này sẽ được lan toả"
"@trannguyenba1196
1 năm trước",Chắc t cạn phước lắm rồi mới xem phải video này
"@quanguctruong516
1 tháng trước",Nghe việt nam mới tinh xong quay lại xin lỗi a
"@ubeo7819
1 năm trước","Tôi là một nhà văn hay viết về truyện kinh dị, về những điều kinh khủng nhất mà con người phải chịu đựng. Truyện của tôi viết thường được rất ít người quan tâm và doanh số bán sách cũng rất thấp. Nhưng từ khi tôi biết đến bài hát này và viết về nó trong sách của tôi, doanh thu tăng vọt và những ai đã đọc sách của tôi đều phản ánh lại là đó là điều kinh khủng nhất mà họ trải qua trong đời. Nếu như bạn có 1 ngày tồi tệ, đừng buồn vì nếu bạn đọc quyển sách do tôi viết, bạn sẽ hiểu được có những thứ còn tồi tệ hơn cả 1 ngày tồi tệ của bạn!"
"@hongthanhlamnguyen9156
1 năm trước","Tôi là fan Đỗ Phú Quí 10 năm từ lúc bạn debut , tôi thật khâm phục bạn trước sau như 1 , 10 năm trước và 10 năm sau vẫn dở như vậy."
"@Hoanhaiart
9 tháng trước",Từ khi vừa nghe vừa vẽ bài này tôi đã từ người loạn nét trở thành người vẽ giun
"@quyenthanh5279
1 năm trước","Nhờ bài hát này mà mình vào đọc comment cười muốn xỉu,sống vui tươi lạc quan hơn rất nhiều.trân quý bạn"
"@huongvi0805
1 năm trước",SUNDAYs qua ủng hộ a Quí
"@soikarz9851
1 năm trước","Khi người Liên Xô vào năm 1970 cho đến năm 1992 cố gắng khoan một cái lỗ 12.262m (40.230 ft) trên bán đảo Kola ở Quận Pechengsky, người ta đã ghi nhận lại được những âm thanh được coi là đến từ địa ngục. Và đoạn video bạn đang xem chính là bản phác hoạ hình ảnh từ các nhà khoa học Liên Xô phỏng đoán những gì diễn ra dưới hố cũng như là đoạn ghi âm lại thu được từ máy ghi âm khi người ra đưa microphone xuống hố khoan ở độ sâu 11.365m"
"@boladoancan
4 tháng trước",Thằng em tôi coi xong video này nó đập điện thoại luôn
"@pianoamnhacthugian
1 năm trước","Nói thật lòng thì cá nhân mình nể ông nhạc sĩ viết ra ca khúc này, và mình còn nể ông ca sĩ hơn, khi đã dám chọn ca khúc này để ra sản phẩm, về phần giai điệu còn có thể chấp nhận được, còn về ca từ trong bài hát thì còn thua cả dùng Chat GPT viết lời nữa, lời khuyên cho Quý nên chọn lọc ca khúc kĩ hơn, thà ra ít sản phẩm nhưng hãy làm chất lượng, Khán Giả đang có cảm tình với mình qua chương trình anh trai...... mình đừng để bị đánh mất đi cảm tình đó của Khán Giả dành cho mình, nếu không chọn lọc sản phẩm thì dù có 10 chương trình như anh trai........ cũng không cứu nỗi em đâu."
"@NguyễnMinhBill
1 năm trước",2001: hai tòa tháp đôi ️ 2024: hai bài nhạc của KSI và ĐPQ
"@CabAbc-i2i
1 năm trước","trường tôi vốn dĩ đầy ấp những học sinh cá biệt, tôi là hiệu trưởng và đau đầu vì chưa có cách giải quyết nhưng cho tới 1 ngày tôi được đề xuất bật bài này lên, tôi đã làm theo bật trên loa trường và tất cả các em học sinh đều lăn ra sùi bọt mép, nhưng cả tôi và giáo viên cũng phải chịu ảnh hưởng của nó và bây giờ tôi đang phải cấp cứu trong viện, nhưng tôi vẫn không lo việc học sinh quậy phá vì hiện tại tất cả các em đều trong trạng thái sợ hãi tột độ và ngoan ngoãn hơn kể cả giáo viên vì họ không muốn nghe lại cái thảm họa này lại lần 2 nữa. Cảm ơn Đỗ Phú Quí."
"@SengCuTay
5 tháng trước",Tôi phải qua xl bài này vì những bài của quốc kang
"@MeoBo-o8b
1 năm trước","Tôi bị ung thư giai đoạn cuối, ngày ngày nằm trên giường bệnh ốm đau, mới 3 tuần trước, bác sĩ báo tôi chỉ còn sống được 2 ngày nữa, lúc đó tôi rất sốc, chán nản. Hôm sau, em trai đến thăm tôi, cả hai trò chuyện một lúc, rồi em tôi bật bài này Thế là tôi lần đầu trong 2 tháng tôi đứng lên đc, việc đầu tôi làm là tắt ngay bài hát đó. Từ đó, bệnh tình tôi khá hơn, thật sự cảm ơn tác giả đã cho tôi cơ hội đc sống tiếp"
"@Haruki288
1 năm trước","Tôi là một hải quân, trong một lần ra khơi thì bị thuyền của địch tấn công, tôi và những người anh em của mình chống trả anh dũng, nhưng do bị thua thiệt về quân số cộng với việc không có sự đề phòng, rất nhanh chúng tôi đã bị áp đảo, một nửa thành viên bên tôi đã phải nằm xuống, nửa còn lại thì trong trạng thái bị thương nặng, giây phút đó tưởng như đã hết hi vọng thì có tiếng nhạc pickleball vang lên, những con tàu địch ở gần bỗng ngừng bắn, tên chỉ huy mặt tím tái ra lệnh rút lui, sau đó chúng đồng loạt quay đầu và bỏ chạy nhanh hơn bao giờ hết, tôi thậm chí còn thấy một số tên nhảy ra khỏi tàu để bơi vào bờ với khuôn mặt sợ hãi, sau vụ đó hai màng nhĩ của tôi đã bị thủng nhưng thật may mắn vì vẫn còn giữ được cái mạng của mình để ở đây kể lại câu chuyện này cho mn. Cảm ơn Đỗ Phú Quí, cảm ơn pickleball"
"@hggnigan
1 năm trước","Anh ấy không có lí do gì để up bài nhạc cháy đến như vậy, cho nên anh ấy đã không làm thế Tôi sẽ đặt bài hát này làm nhạc chuông báo thức mỗi sớm mai để có động lực dậy trước và tắt nó đi Tôi đã phải tắt adblock để có thể tận hưởng quảng cáo Bài hát này nghe thật cháy khi tắt tiếng Tôi sẽ cho người bật bài hát này ở đám tang của mình để mọi người đến tham dự phải ghen tị khi tôi mới là người nằm trong quan tài"
"@Johnny37-t4l
1 tháng trước",Chị mình đã bị liệt giường nhưng nhờ bài hát này chị đã có thể đứng dậy để tắt nó đi( đùa)
"@lilchem369
1 năm trước",Nhạc nghe như đấm vào tai vậy :(((((((
"@kietnguyen-s7j
1 năm trước","Cảm ơn ĐÔ PHÚ QUÍ. Chuyện là như này, vào thứ 7 hôm trước, lớp tôi có buổi thực hành về lưu huỳnh, khi cô giáo đang giảng về tính chất của lưu huỳnh, nước là điều cấm kị, nhưng tự nhiên có một bạn trong lớp mang điện thoại mà quên tắt nguồn, có người gọi đến, nhưng cậu ta lại để chuông báo thức là `PICKLEBALL`. khi nhạc vừa bật lên , tất cả lọ thủy tinh đựng nước và hóa chất độ ngột nổ tung, khung cảnh thật sự rất thảm khóc, những cục lưu huỳnh phát nổ khiến nhiều người bị bỏng nặng, máu chảy lênh láng, một vài bạn ngã vào axit. những người còn cử động được thì chạy toán loạn, máu bắt đầu chảy ra từ lỗ tai, đám đông bắt đầu xô đẩy nhau, tiếng nhạc kinh khủng và tiếng la, hét đầy kinh hoàng khiến quạt chần do không chịu được nên dung lắc dữ dội, thế là quạt trần bắt đầu rơi, tôi thì dữ được bình tĩnh, nhanh chóng chui xuống gầm bàn, thảm họa vẫn tiếp diễn, bỗng hàng loạt tiếng nổ phát ra từ kho chứa dụng cụ và mẫu vật thực hành, những cục lưu huỳnh trong đó đã nổ tung. Nhưng may sao chiếc điện thoại cũng không chịu được dung chấn nên đã bị hỏng, tất cả ngất lịm đi. Một lúc sau, đội y tế cũng đến. Tổng thiệt hại là 2 người sống sót do trốn học, 5 người bị thương, 20 người bị thương lặng, 21 người nguy kịnh, 2 người tử vong. Nhờ vậy mà tôi được nghỉ học hẳn 2 tháng do thương lặng. Cảm ơn ĐÔ PHÚ QUÍ vì đã giúp tôi nghỉ học. Xin cảm ơn"
"@thiluyennguyen9383
1 năm trước (đã chỉnh sửa)","Xin chào! Tôi là một người ở Triều Tiên, sau khi tôi trốn thoát khỏi Triều Tiên thì tôi đã nghe được bài hát, sau đó tôi bị bắt về Triều Tiên một lần nữa, và bây giờ tôi đã bị án tử hình, cảm ơn Đỗ Phú Quí rất nhiều"
"@quoctrinh4740
9 tháng trước",Lúc cho em tôi ngủ nó ngủ rất say thì tôi đã mở nhạc này thì nó thức luôn mà nó còn kêu tôi tắt nhạc nữa
"@accthứ2D
1 năm trước","tôi rất thích những bài như này giúp tôi có động lực học,mỗi khi học hay làm btvn tôi sẽ bật bài này lên sao đó tự đặc ra luật là làm xong mới được tắc đi"
"@babuka9551
1 năm trước","Cảm ơn a Đỗ Phú Quí,bài hát này đã khiến ông nội e gần đất xa trời đã phải đứng dậy ném cái điều khiển vỡ cái tivi để tắt nhạc,cảm ơn a"
"@Duongcuto-xc6sb
1 năm trước",tôi đã bị cụt 2 tay 2 chân vào 3 năm trước nhưng may sao tk cháu tôi nó bật bài này trong lúc ăn cơm . BẤT NGỜ tôi cảm thấy thoải mái một cách lạ kỳ !! à hoá ra tay chân tôi đã mọc lại. với sự xúc động tôi liền cất bước chân xuống xe lằn. bước chân đầu tiên trong 3 năm của mình để tắt tivi . rất cảm ơn Đỗ Phú Quí đã tạo ra bài hát này.
"@MilosRicardo-f2d
8 tháng trước","Mik bị táo bón, vừa nghe xog bài hát thì tất cả đã tuôn ra mượt mà. Cảm ơn tác giả bài hát"
"@thoannguyen1062
1 năm trước","Sao mọi người ghét Đỗ Phú Quý thế... anh ấy là ng tốt mà. Các sản phẩm âm nhạc của anh ấy đã mang lại động lực sống cho rất nhiều ng điếc, mù, bị tật và sống thực vật, bạn nên cảm ơn anh ấy"
"@quannguyenphuoc7068
1 năm trước","mọi người đừng chê anh ấy, chỉ cần 1 ca sĩ mới, 1 bối cảnh mới, 1 con beat mới là hay không thể chê được"
"@daonguyenthianh2616
1 năm trước",Team Tiểu Học Fan sp Quí nha.
"@valud.vietnamhieu3716
7 tháng trước","có bài này là tôi ko sợ đi học muộn ,thích ngủ nướng thì nghe xong là tỉnh ngủ liền"
"@lethithang1399
1 năm trước",Bài hát này đã giúp gần như tất cả mọi người trong cmt thể hiện được tài năng và trí tưởng tượng phong phú mà chính bản thân họ còn không nhận ra. Nó chính là chìa khóa để đánh thức khả năng thiên tài của người Việt Nam. Rất cảm ơn tác giả p/s: copy
"@hungtrand4nhh4imwa55
1 năm trước","Thằng bạn của tôi bị yếu sinh lý cứ cao hứng là tự ra , nhưng nay nghe nhạc này với người yêu của nó trong lúc cao hứng nó lại không tự ra , đúng là âm nhạc của bạn tao ra là liều thuốc"
"@tungannguyenlam3791
1 năm trước","Truyền thuyết kể rằng, tiền thân của loài cá ngày nay vào khoảng 460tr năm trc đã tự lm cụt tứ chi của mình sau khi tiên tri đc 460tr năm sau có 1 loài vật phát minh ra bài hát này"
"@nhutruong6078
9 tháng trước",2h sáng vô đọc cmt cười điên
"@chonlayvienaltreal
1 năm trước","Bạn tôi bị liệt chân 3 năm nay do tai nạn, tôi mở bài này lên xong nó phải đứng dậy tắt, cảm ơn DPQ"
"@uyne.11
1 năm trước",Sundays uh anh Quí i ngắnnnn ạaa
"@HPDQ
1 năm trước",0:58 khúc này nghe tưởng tiếng Thái.
"@thiencao9204
10 ngày trước","Ai từ ""Việt Nam Mới Tinh"" sang lại đây điểm danh"
"@DuongThuy-fg1oh
1 năm trước","Là nhân viên 1 quán bar, quán bar tôi làm chỉ mở đến 2h sáng là phải đóng cửa nhưng lần nào cũng có khách ngồi chày cối đến tận gần 3h sáng, chỉ đến khi tôi biết đến bài hát này và mở nó trong quán bar thì từ đó khách không còn ngồi lâu như vậy nữa, thực sự rất cảm ơn anh Quý"
"@Hat_Sun
1 năm trước",Cảm ơn Đỗ Phú Quý vì đã cho những người điếc có lý do để tồn tại và cho họ biết đc cảm giác khi người khác ghen tị với họ!
"@vata-i6k
1 năm trước","Tôi là 1 người lính đang chiến đấu với kẻ thù. Chúng tôi đã hy sinh rất nhiều đồng đội và mất rất nhiều thời gian nhưng chưa đẩy lùi được quân địch. Thật may mắn khi chiếc điện thoại của 1 đồng đội hy sinh, bị rơi gần ngay cứ điểm quân địch và bật nhạc chuông bài hát này, làm họ bị khủng hoảng và đầu hàng vô điều kiện. Thật cảm ơn bạn, mặc dù chúng tôi cũng tổn thất 1 số quân vì lỡ nghe phải bài hát này."
"@HuyTran-ek5sc
1 năm trước","Cảm ơn bạn Đỗ Phú Quý. Mình là người bị táo bón kinh niên, uống bao nhiêu thuốc cũng không khỏi. Nhưng thật kì diệu mỗi khi bài hát của bạn lúc đi ẻ mình không còn bị táo bón nữa. Thật tuyệt vời vì bài hát của bạn đã giúp mình tiết kiệm rất nhiều tiền mua thuốc trị táo bón. Thay mặt hội người liệt, người điếc, người bị trĩ, táo bón cảm ơn bạn rất nhiều."
"@caychayeldorado
9 tháng trước",Nến nhạc này phát lại 10 lần thì cả thế giới diệt vong
"@duytrananh7324
1 năm trước",Dù ai nói gì thì với cá nhân tôi vẫn rất thích MV này. Tôi thích nhất đoạn từ 3:14 trở đi
"@tranthihuynhlien1735
1 năm trước",Không nói đến giọng hát và mv nhưng mà cái lời bài hát nó nhảm thật sự luôn ý
"@Thangngotdepzai
1 năm trước (đã chỉnh sửa)",Con tôi bị táo bón mấy ngày nay làm tôi cực kì lo lắng dẫn đi bác sĩ và dùng nhiều biện pháp xử lí nhưng con vẫn cứ như vậy nhiều lúc tôi cũng rất suy sụp tuy nhiên một lần khi đang lướt mạng xã hội tôi tìm được bài hát này vừa nghe xong tôi vào nhà vệ sinh bắn như cái máy đến mức skibidi toilet dưới bồn cầu phải cầu xin siêu thoát khi cho con nghe bài này nó như được uống thuốc tiên bay vào nhà tắm dùng HƯ THỨC TỬ làm bay luôn cả cái nhà chân thành cảm ơn Đỗ Phú Quí nhờ anh mà con tôi mới được sống như bao đứa trẻ khác không biết tôi có thể báo đáp anh bằng cách nào 1 lần nữa xin chân thành cảm ơn anh Đỗ Phú Quí
"@mydunginhthi8607
6 tháng trước",Bài này nghe dễ thương mà sao nhìu ng chê vay ta . chắc k đúng gu
"@RyuseiSoradeptrai
10 tháng trước",Xin lỗi Đỗ Phú Quý vì tôi nhận ra 2025 này còn nhiều bài thảm họa hơn rất nhiều. Pickleball vẫn còn hay chán
"@HoàngĐức-dz
1 năm trước","Suốt chín năm đánh Pháp, tôi cùng người anh em tri kỷ đi từ các chiến dịch Trần Hưng Đạo, Quang Trung, Hoàng Hoa Thám, Thượng Lào… tới chiến dịch Trần Đình – chiến dịch Điện Biên Phủ – xông pha kể biết mấy trận, chẳng hề bị một mảnh đạn làm chảy máu sầy da. ấy vậy mà tới dạo đại đoàn – tức sư đoàn bây giờ – kéo quân về đồng bằng Bắc Giang đánh mấy trận làm hậu thuẫn cho phái đoàn ta đàm phán bên Giơ-ne-vơ, đùng một cái bạn tôi đã hy sinh , chỉ vì một trái mìn rủi ro ấy đã cướp đi sinh mệnh ấy khi chỉ vừa đôi mươi Trong giờ phút cuối cùng, không còn đủ sức trăn trối lại điều gì, hình như chỉ có tình anh em đồng đội là không thể chết được, anh đưa tay vào túi, móc ra mảnh giấy, đưa cho tôi và nhìn tôi một hồi lâu. Tôi không đủ lời lẽ để tả lại cái nhìn ấy, chỉ biết rằng, cho đến bây giờ, thỉnh thoảng tôi cứ nhớ lại đôi mắt của anh. Khi hoà bình được lập lại thì lúc đó tôi cũng đã có vợ, con cháu rồi. Còn tờ giấy năm xưa thì tôi coi nó chính là thứ quý báu nhất của cuộc đời mình nên luôn giữ nó bên mình thật cẩn thận. Nhưng rồi 1 hôm định mệnh ấy đã khiến tôi nhớ suốt đời. Hôm ấy như mọi ngày, tôi vẫn ngồi thản nhiên uống trà vừa xem cháu nó coi tivi. Thì bỗng nhiên! Tôi bị 1 thứ âm thanh không rõ là gì mà nghe như quỷ ám vậy! , nó còn kinh khủng hơn cả tiếng bom đạn , tiếng rên la thảm thương của đồng đội tôi nữa! , âm thanh gì mà cứ "" bí cà bô, bí cà bô"" nghe thật khủng khiếp! . Cháu tôi nghe thấy thì chạy như bay ra ngoài rồi còn mình tôi. Choáng váng vì thứ âm thanh ấy khiến đầu tôi như muốn nổ tung. Tôi đau đớn, tôi gục ngã thì đột nhiên mảnh giấy năm xưa của người anh em tôi để lại rơi ra từ túi áo . Trong giờ phút tưởng như là cuối cùng ấy, tôi đã mở mảnh giấy ấy ra để muốn xem được lời bạn tôi muốn trăn trối gì trước khi hy sinh để tôi chết mà không còn vướng bận .Nhưng khi mở mảnh giấy ra thì nó ghi là : "" ông tắt nhạc dùm tôm với!"" .Sau khi đọc xong, cơ thể tôi như có được nguồn động lực tràn trề. Tôi vụt dậy , lao về phía chiếc ti vi và đập nát nó và mạng sống của tôi được cứu. Tôi xin cảm ơn người anh em chí cốt năm xưa đã cứu tôi 1 mạng để cho tôi còn có thể truyền lại cho hậu thế câu chuyện cảm động này!"
"@Lost_myst0mach
1 năm trước","thằng bạn tôi nó bị liệt chân và tôi bật này cho nó nghe, nó liền tự bật dậy và tắt nó. Cám ơn anh đã cứu bạn em"
"@nekomaster7749
3 tháng trước","thằng bạn què của tôi đã chữa khỏi bệnh què vĩnh viễn, rồi nó dậy tắt nhạc"
"@Sapphire-Lity
1 năm trước (đã chỉnh sửa)","Tôi có 1 đứa bạn. Nó bị đuối nước. Mới vớt lên, nó nằm bất động ở đó. Tôi không làm được gì, thế mà bật nhạc này lên, nó chợt ""bùng"" hết nước ra, đứng dậy và tắt nhạc. Cảm ơn ĐPQ"
"@GenzoZR
1 năm trước","Cảm ơn Anh Đỗ Phú, thằng em của em nó không chịu ngủ. Khi em bật bài này lên thì nó ngủ liền. Nó ngủ dc hơn 2 ngày rồi."
"@sigma_boy2010-k4m
1 năm trước",Nhờ có bài hát này bạn tôi đang bị vấn đề tâm lý thành tâm thần giai đoạn cuối cảm ơn anh vì điều đó
"@hiepdeptrai639
6 tháng trước",T thà nghe bài này còn hơn bài last night của quốc kang : ))))
"@VipAccc-zu3mt
1 năm trước",nghe xong bài này tôi cảm thấy như mình vừa dc sống 1 kiếp sống khác bới kiếp trước tôi đã dc nghe bản album của bài này .Chúc ĐPQ luôn năng nổ và thành công với lĩnh vực mà mình chọn(trừ âm nhạc) .Xin cảm ơn
"@vouyen837
1 năm trước",Ảnh có sheesh nữa kìa
"@Phong.nguyen12
1 năm trước","Mình từng là đứa nghiện đt,ipad,Tv lầm lì suốt ngày ở trong phòng ko chịu ăn cơm nhưng..đến khi bài này phát hành thì thay vì đập bóng mik đập đt,ipad,tv cảm ơn anh Đỗ Nghèo Khỉ nhầm Đỗ Phú Quí"
"@therearon_why
9 tháng trước",Chúng ta nợ anh ấy 1 lời xin lỗi
"@KhanhGM2008
1 năm trước","tôi bị táo bón hơn 10 năm nay, chữa ở rất nhiều nơi nhưng không khỏi. Nhưng kể từ khi nghe bài hát này cảm giác buồn ĩa nổi lên trong lòng tôi và có thể ĩa bình thường. Cảm ơn Đỗ Phú Quí vì đã giúp tôi thoát khỏi căn bệnh này!"
"@QuachanjDat
1 năm trước",Sau khi các nước TBCN và Mỹ nghe xong bài này họ liền không muốn xâm chiếm Việt Nam của chúng ta nữa vì họ sợ khi đặt chân đến biên giới nước ta thì bài nhạc này vang lên.Em chân thành thay mặt mọi người trên đất nước chúng ta cảm ơn anh Quí
"@thanhkevin3563
1 năm trước",sau khi nghe bài hát này tôi cảm thấy jack là một ca sĩ tuyệt vời vì anh ấy không đưa con mình đi pickleball
"@icey1-official
7 tháng trước",Nếu t nằm liệt giường mà nghe bài này lần 2 chắc t tự đứng dậy tắt luôn quá…
"@nhatminhhoang903
1 năm trước","Cô giáo tôi luôn cảm thấy mệt mỏi, bực mình, chán nản khi nhìn thấy bọn tôi nói chuyện trong giờ học, ko tập trung nghe giảng nhưng có lẽ sau khi nghe bài hát này cô sẽ luôn nở nụ cười thật tươi và tự hào rằng lớp mình chủ nhiệm còn tốt chán so với bài hát này"
"@lebinh27
1 năm trước","Cảm ơn Đỗ Phú Quý. Năm nay tôi làm ăn thất bát quá nên chủ nợ hay đến trước nhà tôi chửi bới, tạt mắm tôm và cho đàn em đe doạ tác động vật lý với tôi. Nhưng từ khi bài hát được phát hành, mỗi lần chủ nợ đến là tôi lại phát bài hát này lên cho họ nghe và dí ngược theo họ đến tận nhà. Với tiếng nhạc du dương, lời ca mang đậm chất thơ, họ đã ngừng các hành động thô lỗ đó và xoá hết nợ cho tôi. Thậm chí họ còn cho tôi tiền và một chủ nợ còn gả con gái của họ cho tôi, họ chỉ cầu xin tôi hãy tắt bài nhạc đi vì bài hát này làm họ quá xúc động. Quả là một tác phẩm bất hủ của mọi thời đại."
"@LightRaitonewgod
1 năm trước",Xin một phút của anh Quý nghe em trải lòng.Em tên là Khoa sinh năm 2k9.Là lứa học sinh cuối được đổi mới chương trình học nên lên cấp 3 em học yếu lắm.Em từ hsg xuống hs trâu bò vì rất khó tiếp thu kiến thức mới.Đêm trước ngày thi mà em vẫn chưa học được gì.Bỗng YouTube đề xuất cho em bài hát của anh nên em tò mò nghe thử.Có lẽ đó chính là lựa chọn quan trọng nhất đời em vì giờ em đã thấy thứ còn tồi tệ hơn cả việc học! (Bài hát thực sự hiệu quả vì đã giúp em nâng điểm cực kì cao ạ cụ thể là có 2 môn 7.3 và 7.8 còn lại từ 8 trở lên hết ANH QUÝ MÃI ĐỈNH)
"@puanh_167
9 tháng trước",Xin lỗi anh Quí vì những lời chê bai khi xưa của e dành cho anh sau khi nghe bài thao túng tâm lý.
"@lananhdarling
1 năm trước",Ủng hộ anh Quí ạ
"@Ngwo-dz
1 năm trước","Sau khi nghe bài hát này, tôi thực sự đã khóc. Tay tôi cụt bẩm sinh, vậy nên tôi bị mọi người bắt nạt khiến tôi thu mình khỏi xã hội. Một hôm tôi bị đám bắt nạt nhốt vào nhà vệ sinh và tôi vô tình nghe thấy bài hát này trên YouTube, tôi thực sự đã khóc khi nhìn thấy cánh tay của mình mọc lại để tắt nhạc đi. Sau hôm đó tôi đã cởi mở hơn và tự tin hơn khi có thể đem thứ này đi trả thù đám bắt nạt. Thực sự biết ơn ĐPQ"
"@cuongvu590
1 năm trước","E vừa về nhà sau 1 ngày đi làm mệt mỏi, lướt youtube để có thêm động lực thì vô tình va vào bài hát của a. Có thể nói bài hát của a là 1 nguồn động lực to lớn đối với em, cảm ơn anh vì đã giúp em nhận ra chỗ làm của em chưa phải là nơi tồi tệ nhất"
"@KimChiBui-lnbel
9 tháng trước",Nghe xong tôi biến thành anh chàng trầm hẳn ý tôi là trầm cảm
"@BIackCatUwU
1 năm trước","Sau khi xem gacha heat quá 180 phút, tôi thường xuyên nghe bài này để ""thư giãn"" tâm hồn :)))))"
"@phuclequyendo
1 năm trước",FC Sunday qua ủng hộ anh QUÍ nè
"@grinteaa_C.S
11 tháng trước",Ê t thấy hay mà?
"@thichuthu9071
9 tháng trước",Mình già rồi. Mình nghe không được từ nào hết huhu ai giúp mình với mình sinh năm 88
"@hunghunghunghung
1 năm trước","Lúc trước cứ ra đường là mình bị chó dí, thấy mình là sủa như điên. Có lần bị chó cắn nhập viện suýt chết. Nhưng từ khi biết đến bài này, mình liền bật lên mỗi khi ra đường. Lạ thay từ ấy, chó ko dí mình nữa. Chúng nó im thin thít, thỉnh thoảng còn đọc sách khoa học lượng tử hoặc nghe Kinh Phật. Cảm ơn bài Pickleball và anh Quí đã giúp em thoát khỏi cái thứ oái ăm này."
"@thanhsang6590
1 năm trước","Bật bài hát lúc 00:30, vừa nghe nhạc rồi đọc hết comment xong nằm cười tới sáng. 1 comment = 1000 liều thuốc bổ là có thật, cười lăn cười bò"
"@trongucmai7517
1 năm trước",Qủa là một tác phẩm tuyệt vời!Bạn em vốn bị nhiễm vi khuẩn ăn não sau khi nghe bài này mấy con vi khuẩn đã chết đói hết.Thật sự cảm ơn anh.
"@gb_mhgb
9 tháng trước",Xin lỗi anh
"@manhanbanhcanh
1 năm trước","Bài này sẽ rất cháy nếu nó có beat khác, producer khác, lyrics khác, nghệ sĩ khác, và đăng ở kênh khác"
"@DoraLưuTrữ
1 năm trước","Nghe bài xong tui muốn bị.... điếc mẹ rồi, cmn 2:39 giờ sáng vô đây để nghe cái gì đây!!!"
"@VinB66
1 năm trước",Tôi sẽ bật bài nhạc này vào đám tang của tôi.Lúc đó mn sẽ ngen tị vì người đc nằm trong quan tài chỉ có tôi
"@cathercooler
1 tháng trước",+1 like = 1 lần nghe lại
"@BabyBear-Zyn
1 năm trước",Đang chill cái tự nhiên ảnh sheesh cái mắc cười ngang luôn. Nhưng mà nhạc hay nha anh Quí ơi
"@MUKhang
1 năm trước",Từ khi nghe bài này tôi nhận ra còn có thứ còn thảm hoạ hơn MU
"@traquan7274
1 năm trước","Tôi đã thức tỉnh con mắt thứ ba, kích hoạt được giác quan thứ 6 và kết nối được với các vị thần cổ xưa khi nghe hết bài hát này. Thật là tuyệt vời!"
"@bachhotv990
9 tháng trước",ê tính ra ngày cũng có người xem mờ=)))
"@NguyễnAn-v3c
1 năm trước",Trong đám tang của tôi chắc chắn sẽ bật bài này để nhưng người tham dự đám tang sẽ ghen tị với tôi vì tôi đã chết
"@DungTran-nk9wf
1 năm trước (đã chỉnh sửa)","Hôm nay em đi đám tang og con bn em ko may lướt phải bài này kiến og nó bật giậy liền đập điệt thoại em và bảo tao đã chết rồi tha cho tao đi , nhờ thế mà con bn em được gập og lần cuối. Cảm ơn anh rất nhiều chúc anh đeo bao giở ra thêm bài nào nữa"
"@everydaycarry1711
1 tháng trước",Tôi quay lại đây sau khi nghe Edm trái tim
"@STRAYGeatsbu
7 tháng trước",Ra đời tôi nể mỗi bài này Ko phải vì nó hay tại ảnh dám phát hành
"@shadowdzXD
1 tháng trước","Sau khi nghe ""Bang Bang Vĩnh Cửu"" E phải công nhận rằng nhạc của anh vẫn còn ổn chán"
"@nguyenthihang4965
1 năm trước",Cảm ơn anh ạ bạn em bị gãy chân lúc em bật bài này lên thế là nó tự đứng dậy để tắt bài này đi rồi nó hết gãy chân luôn Em cảm ơn anh nhiều lắm ạ️️
"@gainguyen261
1 năm trước",Darling nhà gấu hùng huỳnh tới ủng hộ a
"@FIREJASON-c4n
9 tháng trước",Tui vẫn bình thường sao khi nghe bài này nha
"@HoàngMinhTrần-z3z
1 năm trước","Tuy anh dừng chân sớm tại ATSH nhưng có 1 lượng khán giả rất lớn ủng hộ cả 30 người sau ctr. Họ sẽ luôn ủng hộ anh, nhưng 1 sản phẩm ít nhất phải được chọn lọc thật kỹ càng.Đây là năm 2024 chứ không phải thời Teen Vọng Cổ gây sốt. Hãy làm nhạc thật nghiêm túc, có chọn lọc, ca từ có ý nghĩa và làm 1 MV audio còn hơn một MV vô nghĩa. Mong anh tôn trọng những người quan tâm anh và sự kỳ vọng của khán giả ATSH. Đừng phí phạm danh tiếng mà mình đã may mắn có được!"
"@MinhBui-hc6jm
1 năm trước",Xin lỗi KSI vì đã chê Thick of it
"@khanhlinhbarbz
1 năm trước (đã chỉnh sửa)","Ông anh ra nhạc không thương fan những người chờ đợi ông ra sản phẩm hả. Làm một sản phẩm vô nghĩa cẩu thả quá. Nếu nguồn lực có hạn, khó khăn không thể đầu tư MV chỉnh chu, thì ít nhất cũng nên viết cái lyris tử tế xíu, rồi ra audio thôi cũng thấy đáng đồng tiền. Còn nếu anh trai muốn đi theo kiểu của Phí Phương Anh ngày xưa thì thôi, bài đó cũ rồi"
"@kghbeavertappings
9 tháng trước",Thầy Bảo vệ An Ninh Việt An chơi Pickleball
"@thanhhoa1594
1 năm trước","Ông còn có tự trọng của 1 người nghệ sĩ và tôn trọng khán giả thì tốt nhất đừng bê bài này đi hát ở đâu cả, nói thật đấy."
"@hunghung-jz9px
1 năm trước",Quá đã anh ơi em bị liệt dương 10 năm nay không chữa được nghe nhạc anh xong em cỉm chưng luôn oh yeahhhhh
"@nguyenmiennam7778
1 năm trước","Bài này không được phát hành, nó phát ban và làm tôi phát điên"
"@Kochobietnhen
1 tháng trước",Lý do tôi hay bật làm báo thức bài này để dễ dậy vì cứ để bật là thủng màn nhĩ
"@Nikomishioart26
11 tháng trước","Lớp tôi mỗi lần vào tiết tiếng Anh là ồn như cái chợ,nhưng từ ngày cô giáo áp dụng luật đứa nào mất trật tự hay ngủ gật sẽ bị bắt nghe Pickleball suốt cả buổi học,nên từ đó lớp học nghiêm chỉnh hơn hẳn :))."
"@myhothuy5360
1 năm trước","FC Sonic của JSOL ủng hộ anh Quí ra mắt MV, phải thật bùng nổ anh nhá"
"@anhkhoadangvu-m1p
1 năm trước","ông em từng là một người chiến sĩ cho trận đánh chông mỹ dẫn đến sau khi đấu xong ông em bị mất trí nhớ và sống thực vật. sau khi nghe bài này, ông em đã đứng dậy, lấy khẩu AK47 ra và bắn nát cái tv nhà em. cảm ơn anh đã chữa lành tâm trí ông em ạ. mong anh có thể sản xuất ra các bài khác tật nguyền hơn <3"
"@khanhhuynh5375
2 tháng trước",Ocean English đã đưa tôi đến đây
"@MinhTue-j1i
1 năm trước","amazingg, embes chúc MV của a Quí thật thành công ạaa"
"@minhcutiiheh
1 năm trước","Tôi bị vô sinh đã 10 năm, nhưng khi nghe xong bài này thì tôi đã cảm thấy nhộn nhạo dưới bi và t inh t rùng đang hoạt động trở lại mạnh mẽ. Xin cảm ơn anh Đỗ Phú Quí rất nhiều !"
"@nunalelya7504
1 năm trước (đã chỉnh sửa)","Xem chtr cũng quý anh lắm, nhưng em nói thật bài này nó rất dở, không thể nào nghe lọt được luôn ý, câu cú dùng từ này nọ rất gượng, giai điệu quá đều đều. Về mv, mặc dù nhiều bạn nói là visualizer nên không sao, nhưng mà mv đang bị out ra khỏi bài hát, nói thẳng là mv và bài hát như đang đấm nhau vậy, nếu không phải kênh Youtube chính thức thì em còn tưởng là ai đó lấy video quảng cáo của anh rồi lòng nhạc vào, cũng muốn ủng hộ lắm nhưng hi vọng lần sau ra nhạc anh nên ra bài nào có đầu tư chất xám vào, chứ cứ thế này thì sao mà phát triển được anh ơi =[[["
"@May-bd4do
3 tháng trước","Em xin lỗi anh Đỗ Phú Quý, hóa ra Quốc Kang mới là thảm họa"
"@NhatHaoHo-bw4yt
1 năm trước (đã chỉnh sửa)","Em bị táo bón 1 tháng nay dùng bao nhiêu thứ thuốc mà không khỏi. Nhưng từ khi có bài hát này của anh, em ỈA mượt lắm."
"@GiangGuitarHưngYên
10 tháng trước","Cảm ơn bạn về bài hát này, bài hát là một phép màu thật sự. Ông hàng xóm cạnh nhà tôi bị tai biến liệt 3 năm nay, nhờ có bài hát này mà ông ấy đã ngồi bật dậy, đi ra ngoài rút phích cắm tivi và chửi đứa nào bố láo bật cái bài mất dạy này lên để hành hạ ông ấy."
"@CumbiasSonideras-hv2od
11 tháng trước",Bài hát cíu rỗi cuộc đời nhiều người khuyết tật nhất VN !!! trân trọng những gì Quí đã làm cho nền y học nước nhà
"@batunguyen7085
9 tháng trước",đọc cmt mà t cười điên bay ơi
"@thinhne17
1 năm trước","Kể từ ngày bạn tôi không còn trên thế giới này tôi đã luôn bật nhạc và để ảnh bạn thân bên cạnh để bạn của tôi có thể nghe thấy, tôi luôn bật nhạc nhưng mà bạn của tôi không xuất hiện để nghe cùng tôi, đến khi tôi mở được bài hát này bạn thân của tôi bỗng xuất hiện và ấn dừng bài hát thật là vi diệu.Cảm ơn bài hát đã cho tôi thấy lại người bạn của mình"
"@sonhothi1115
1 năm trước",1:12 cảm ơn anh vì em bị táo bón 1 tháng rồi vừa nghe em hết táo luôn
"@myduyennguyen8142
1 năm trước","Lion đến ủng hộ ang QUÍ nè. Chúc anh ra nhieu bài hat hay nua nhé. Mv đẹp, nhạc hay, anh Quí cute"
"@hople4183
8 tháng trước",Bài này có thể sẽ là một vũ khí tâm lý hạng nặng
"@Sachsen-ol
5 tháng trước (đã chỉnh sửa)",Sau khi nghe Last Night tôi lại nghĩ bài này ko tệ như thế
"@hieuoan1809
6 tháng trước",Đang bị táo bón nghe phát ra ào ào luôn
"@TânNguyễn-o2n
10 tháng trước",Bài này làm xuyên thủng titanic vào năm 1912
"@thanho8126
10 tháng trước",Thằng bạn toi bị liệt nhưng nghe bài này nó đã bật dậy và tắt đi:)
"@bnluong210
10 ngày trước","Đừng quá khắt khe với bài này vì cta vẫn còn ""Việt Nam mới tinh"""
"@TungNguyen-vy2rj
5 tháng trước",Sau khi nghe xong bài last night thì tớ thấy bài này đáng top 1 trending
"@Sonicspeed100
1 tháng trước","Vậy là đã 1 năm rồi nhỉ, vẫn hay dù tôi không biết thảm hoạ chỗ nào"
"@toiladazyru
9 tháng trước",tôi đang tự hỏi tại sao lại có 65 nghìn người Gu mặn như này
"@anganhnguyen8405
1 năm trước",xem để nghe nhạc xem để đọc cmt
"@ariesmcpc6457
9 tháng trước","cảm ơn anh DPQ, em đã khóc rất nhiều."
"@tuananhnguyen9061
11 tháng trước",Tôi bị trĩ lâu năm uống thuốc nào cũng ko khỏi. Rất khó khăn trong sinh hoạt và vận động. Bỗng nhiên 1 ngày bác sĩ bật bài hát của bạn lên búi trĩ của tôi đột nhiên co rút vào trong và tiêu biến mất. Quả thật bài hát là 1 phép màu cho nền y học thế giới
"@trangdang3609
1 năm trước",ANH ƠI NHẠC HAY QUÁ ANH GIỮ NGHE MỘT MÌNH ĐI 2:19
"@mngii_0206
1 năm trước (đã chỉnh sửa)",Mộng Nghi đến ủng hộ cho a Quí đâyyyra mắt mv hồng phát
"@oclabinhduong-lg9ob
1 năm trước",2:29 Wtf titan ngựa à
"@maixuan3029
1 năm trước","Darling nhà Hùng Huỳnh qua ủng hộ MV mới của anh Quí đây ak , chúc a gặt hát nhiều thành công sau lần trở lại này"
"@st.halley9446
1 năm trước","Tôi đang ngồi ẻ rất khó khăn sau một ngày dài làm việc thì nghe bài hát này, nó giúp tôi loại bỏ hẳn vật thể lạ có đường kính gần 10cm ra khỏi cơ thể.... Thật diệu kỳ"
"@quangminh6791
1 năm trước (đã chỉnh sửa)","Baby shark đến ủng hộ anh Quí, chúc anh tiến xa hơn nữa!"
"@whythen2218
1 năm trước","cho ai quan tâm thì thời điểm tôi viết cmt này, pickleball vinh dự đạt đc 18k dislikes tức là gấp 1,5 lần lượt likes(không bất ngờ lắm)"
"@VanThieuNguyen-s9c
9 tháng trước",Nghe nhạc Việt mà tui phải bật phụ đề lên
"@Phwng0809
1 năm trước (đã chỉnh sửa)",rồi tự nhiên anh hẹn em pickleball cái sang ta vờn nhau pickleball là cái gì v cha nội???
"@Hunghidding
10 tháng trước",Nỗi ám ảnh của người chơi mc
"@depressedlieutant8894
1 năm trước",cant let gang know i fw this
"@lilbill2025
8 tháng trước","ngoài lời nhạc, nhạc sĩ, thông điệp, ý nghĩa, thể loại nhạc, pickleball, MV, intro, outro ra thì bài hát này vốn dĩ là hoàn hảo"
"@gamerplay5259
6 tháng trước",Bài này giúp chúng ta trở nên hài hơn . Cụ thể là hài cốt
"@dungnguyentuan01
1 năm trước","Bạn mình bị liệt 3 chân sau 1 vụ tai nạn giao thông, sau khi nghe xong bài này thì nó đã có thể đứng lên chạy nhảy bình thường. Rất cảm ơn Quí đã giúp bạn mình tai qua nạn khỏi"
"@orbitalstrikr
1 năm trước",Từ màn hình tới cái nhẫn tới cái bút tới ông vua
"@HoangDuongCong2509
1 năm trước","Bà nội mình bị ngã, đi viện về không đi lại được, chỉ có thể nằm hoặc nhờ người khác đỡ cho ngồi dậy nên mình chưa thấy bà ra khỏi buồng bao giờ. Mình vừa ở ngoài nhà mở nhạc này nghe xong đặt trên bàn thì thấy bà đã cố lê lết ra ngoài tìm điện thoại để tắt nhạc được rồi. Mình xin cảm ơn bạn Đỗ Phú Quí rất nhiều ạ"
"@thuybenben8686
4 tuần trước",Pickle ball ngày game điện tử cầm tay tao chơi suốt 1200 trò chơi
"@PinkyBBlove
1 năm trước","Cừu Có Cánh bay tới ủng hộ MV mới của anh Quí nhooo, Pickleball và anh Quí mãi keo mãi đỉnh"
"@tranminhnhi6786
1 năm trước",Muzik ủng hộ anh Quí nha… chúc mv thành công ạk…
"@Bocuthue
1 năm trước",Tôi thik nhất đoạn 3:15
"@Truongbin37
9 tháng trước",Ô con gái mình lại khóc rồi này
"@ngocluong-s6e
1 năm trước",Bằng cách thần kì nào đó MV này đã lọt top thịnh hành Music mà k cần kêu gọi đẩy view
"@Default_gg
1 năm trước (đã chỉnh sửa)","i was originated to be a vietnamese for 96 year straight until this song was released, it made me flee my own country and end up as an american with full identity predicated on america,id never wish for this to happend but this hidden talent of yours that you should have keep hidden bashed my ear wildly open and i cant understand vietnamese anymore, still, the symphonies stay in my head whenever the word ""pickleball"" was expatiated and it gave me ptsd worse than what i had experienced in war against the american, your song truly changed what i am and stopped my trauma of the war i fought, thank you.."
"@ngan-3a7vukim98
11 tháng trước","Cảm ơn DPQ đã tạo ra một bài hát đã đóng góp rất nhiều thứ cho đất nước : 1.Phần bl đặc sắc các câu chuyện siêu sáng tạo +1 đóng góp cho nghệ thuật tiểu phẩm 2.Giúp ko bt bao nhiêu ng khuyết tật khỏi bệnh +1 đóng góp cho nền y học nước nhà 3.Bài hát đc nhìu ng chê trong đó có t +1 đóng góp cho lĩnh vực phê bình âm nhạc 4.Bài đc chế meme +1 đóng góp cho meme 5.Nhìu ng đã đập ti vi,điện thoại để họ phải mua mới và những ng bán ti vi ,điện thoại đã kiếm đc nhiều lợi nhuận hơn +1 đóng góp cho nền kinh tế nước nhà"
"@manman-dl7ek
9 tháng trước",tôi nợ ksi một lời xin lỗi chân thành vì đã nặng lời với anh ta
"@skibiditoilet4543
10 tháng trước","Kính gửi: Đỗ Phú Quí Tôi viết đơn này để bày tỏ sự hối lỗi sâu sắc vì đã chê bai Pickleball của anh như cái lờ. Sau khi nghe bài Thao túng tâm trí, tôi nhận ra rằng mình đã quá vội vàng và thiếu suy xét khi đánh giá tác phẩm trước đó của anh. So với bài Thao túng tâm trí của Awai, tôi nhận thấy Pickleball thật sự có giá trị nghệ thuật và sự đầu tư đáng trân trọng hơn rất nhiều. Tôi xin rút lại lời chê bai thiếu cân nhắc trước đây và mong anh rộng lòng tha thứ cho sự nóng vội của tôi. Hy vọng anh vẫn tiếp tục cống hiến cho nền âm nhạc với những tác phẩm ngày càng chất lượng hơn. Trân Trọng! Nguồn của 1 anh bạn nào bên bài thao túng tâm trí"
"@inhchinguyen8630
1 năm trước",0:17 em mạnh vào??
"@Vyy-c6k
1 năm trước (đã chỉnh sửa)","Nhạc thảm hoạ quá, bị chế ra nhiều phiên bản nên viral hơn hẳn, ko ngờ đên 24N like với 1,7tr seen luôn ấy. Cảm ơn a ĐPQ nhiều ạ, nhờ bài a mà e đi ỉa suông hẳn, bài tiết dễ hơn"
"@inthedarkness8532
10 tháng trước",e rất xinloi a quí vì đã coi bài này của a là tệ nhất
"@chggem569
1 năm trước",Darling nè ủng hộ anh Quí
"@quangg210
1 năm trước",bạn tôi bị trĩ nhưng sau khi nghe bài này nó đã khỏi lại cảm ơn ad nhiều ạ
"@diepthai-e7s
1 năm trước",Tôi đề nghị anh đi đăng kí nộp Guinness World Record đi. Chắc chắn anh sẽ được kỷ lục bài hát dở nhất từng có trong lịch sử nhân loại.
"@ngochan-4646
1 năm trước",ChunFam zô ủng hộ anh Quí
"@rumaise0706
1 năm trước",thấy mỗi khúc 0:48 nghe đc
"@trinhmatuyet7414
1 năm trước","Trời ơi 10 điểm anh Hai ơi , aaaaa xỉu , sheesh"
"@TR-GIANG
1 năm trước (đã chỉnh sửa)","Nhạc nghe rất catchy, từ khi bài "" Pích Cà Bo"" này ra đời, tôi đã chơi Pickleball mỗi ngày kèm theo bài hát này, hiện tại ae của tôi cũng đã chơi pích cà bo theo nhịp nhạc. Cảm ơn Quí với bài hát quá catchy này đã gắn kết tình cảm ae chúng tôi."
"@sonthanh1041
1 năm trước",Đi ngủ t phải bật nhạc này vì nhạc này có thể đuổi ma quỷ :))
"@nguyenducanh-m5k
1 năm trước","dở ói, làm nghề bao nhiêu năm ko nổi lên dc là có lí do cả"
"@MÃIYÊUVIỆTNAM-1234
5 tháng trước",COI CHỪNG CÓ AI ĐÓ VÔ NGẤM TRAI THAY VÌ NGHE NHẠC
"@quanduong4719
1 năm trước","Mình từng nghĩ dù làm nhiều điều xấu đến cỡ nào, có mỏ hỗn hay tạo nghiệp bao nhiêu đi nữa thì vẫn còn một ít phước cuối cùng còn sót lại, nhưng sau khi youtube đề xuất “Pickleball” cho mình thì mình thực sự tin rằng mình đã k còn một chút phước nào nữa rồi!"
"@Hac_azl
1 năm trước","0:48 là hay, còn lại như sịt"
"@dogwater123
1 năm trước","Nhạc rác rưởi thật sự, chẳng có xíu chất xám nào. Này mà dám tự nhận mình là ""nghệ sĩ"" thì cũng tài"
"@AnĐàoPhúc-u6l
9 tháng trước",Anh ta đã lm cho bnhieu con sói cô độc như tôi đc giải thoát
"@ruyru9225
1 năm trước","Cá nhân mình thấy bài hát này cũng không tệ lắm, trừ phần mv khá lố thì mọi thứ khá ổn, đấy là cho đến khi mình nhận ra mình đang tắt tiếng"
"@ThuQuyên-n8p
1 năm trước","mn đừng toxic anh Quí nx, mn nên toxic mạnh hơn"
"@longhoang-xu4wt
1 năm trước",nhạc gì nhảm vậy a. Lớn rồi sáng tác mấy bài nhảm nhảm nge mắc ĩa
"@cici20989
1 năm trước",Embes chúc mv của Phú Quí triệu view nha.
"@ruzieditcapcut
1 năm trước","Từ khúc ""Thế nào là hơn thua..."""" Hay tht màaaa"
"@nhatminhnguyen-y1h
1 năm trước","Cảm ơn rất rất rất nhiều, nhờ bài hát này mà người bạn bị động kinh của tôi sau khi nghe đã ngay lập tức co giật gây ra tử vong. Nhờ vậy mà tôi đã có được khối tài sản kếch xù của nó. Cảm ơn lắm lắm."
"@nhatduyletran1453
4 tháng trước",có con em khóc hoài cho nghe bài này cái khỏi khóc là hét dữ lắm
"@baokhang6313
1 năm trước",0:49 khúc này hay mà ...
"@luugiap3928
1 năm trước","công tâm mà nói nhạc thật sự không hay, lời nhảm, mình không phải anti nhưng với một cái tai nghe của một người bth và có chút thích các anh trai thì thật sự bài này dở"
"@baotruonggia279
1 năm trước","Cảm ơn bạn Qúi đã sáng tác ra bài này. Mình có một người bạn chơi rất thân và khoảng 1 tháng trước, bạn ấy bị sống thực vật và không di chuyển được mình rất buồn và chán nản khi bạn mình bị như vậy. 3 tuần trước bạn ấy không thể nói chuyện được nữa và chỉ có thể nhìn, và bác sĩ của mình là một người rất thích bài hát này nên đã mở bài này. Sau đó, bằng một cách thần kì nào đó mà bạn mình đang bị như vậy mà có thể dậy để chạy tới để tắt bài này (ảo vcl). Từ đó bạn mình đã trở lại bình thường và cùng chơi với mình. Một lần nữa, cảm ơn bạn Qúi nhiều ạ!!!"
"@nguyenvuzvn139
1 năm trước",pickleball thick of it 2
"@quynhduong1212
1 năm trước","Darling đến ủng hộ ba Quí đây, nhạc siu dễ thương luôn ạaaaa"
"@Eriyu157
1 năm trước","Em gái em cả tháng nay rặn mãi không ra,còn kêu đau.Sau khi bật bài này lên,em ấy liền rặn siêu thanh tới nỗi cái bồn cầu cũng không chịu được mà mọc chân chạy,cảm ơn anh Quí rất nhiều️🫶"
"@vouyen837
1 năm trước","Nhạc cuốn quá anh ơi, nhan sắc tăng hạng dữ lun"
"@quynhanhnguyen7033
1 năm trước (đã chỉnh sửa)","Mấy bạn khen có ai nghe nhạc chưa ạ, có ai đọc lyrics chưa ạ :) ủng hộ thì nên cho ngta một cái góp ý chân thành là bài này nhảm l, k hiểu sao một người nghệ sỹ lại có thể chọn một cái bài nhảm như thế này để ra mắt ngay khi vừa được hưởng hào quang từ một gameshow hot :) quá phí phạm, quá sức thất vọng về ông này, thật"
"@ThangNguyen-bx1de
1 năm trước",Nếu bài hát này được hát bởi chaien thì chắc chắn đó sẽ là ngày tàn của Trái Đất.
"@MyHa-xt7vl
1 năm trước (đã chỉnh sửa)","GALAXY vào ủng hộ anh trai Đỗ Phú Qúi nha, chúc a thành công ạ"
"@kaayzouee1705
1 năm trước","Phân tích bài thơ Pickleball của Đỗ Phú Quí Đỗ Phú Quí là một tác giả được biết đến với phong cách sáng tác độc đáo, kết hợp giữa trào phúng hài hước và những suy ngẫm đối với đời sống. Các tác phẩm của ông thường được nhận diện bằng sự tế nhị, dễ hiểu nhưng ẩn chứa nhiều ý nghĩa sâu sắc. Trong nền văn học hiện đại, Đỗ Phú Quí góp phần đệ cao tinh thần trào phúng, gửi gắm những suy nghĩ mới mẻ về các khía cạnh trong đời sống. Bài thơ Pickleball là một tác phẩm tiêu biểu cho phong cách hài hước và tư duy biện chứng của tác giả. Qua hình ảnh môn thể thao pickleball, tác giả khéo léo đào sâu vào một khía cạnh quan trọng trong mối quan hệ con người: sự giao thoa, giới hạn và nhịp điệu. ""Anh hẹn em Pickleball Ta vờn nhau Pickleball Tay vợt bên dưới hông Anh đập banh, đập banh Đến em mạnh vào Ta chỉ chơi Pickleball Không nên vượt mức Pickleball Đưa vợt anh tiếp banh High and low Từ thấp đến trên cao Ta chỉ gặp chơi Pickleball."" Bài thơ Pickleball có bố cục đơn giản, nhằm nhấn mạnh những khoảnh khắc giao thoa qua lối chơi thể thao. Mạch cảm xúc trong bài thơ chuyển từ vui tươi, tương tác cho đến những suy nghĩ nghiêm túc về giới hạn và nhịp điệu. ""Anh hẹn em Pickleball Ta vờn nhau Pickleball Tay vợt bên dưới hông"" Mở đầu bài thơ, tác giả dùng các động từ ""hẹn"" và ""vờn"" nhấn mạnh tính giao lưu, đối chọn qua lại giữa hai nhân vật trữ tình. Hình ảnh ""tay vợt"" đặt ở vị trí tinh tế, tạo liên tưởng vừa nghịch ngợm vừa hàm ý về sự nhịp nhàng trong quan hệ. Động từ ""vờn"" gợi ra một trò chơi nhẹ nhàng nhưng không kém phần kịch tính, vừa giữ được sự gần gũi vừa tránh đi sự áp đặt trong tương tác. ""Anh đập banh, đập banh Đến em mạnh vào Ta chỉ chơi Pickleball Không nên vượt mức Pickleball"" Những câu thơ này tăng cường tính chuyển động qua các động từ liên tiếp. ""Đập banh"" nhấn mạnh sự đối đầu nhịp nhàng, tạo nên một bầu không khí căng thẳng nhưng thú vị. Cụm từ ""không nên vượt mức"" là lời nhắc nhở nhẹ nhàng về giới hạn trong trò chơi cũng như trong quan hệ giữa người với người. Đây không chỉ là quy tắc trong thể thao mà còn là một bài học sâu sắc về sự kiểm soát và tôn trọng lẫn nhau trong cuộc sống. Cách sử dụng lặp từ ""Pickleball"" không chỉ nhằm tạo nhịp điệu mà còn khắc sâu ý tưởng rằng mọi mối quan hệ cần được xây dựng trên nền tảng trò chơi công bằng và vui vẻ, không nên vượt quá giới hạn để tránh sự tổn thương hay mất cân bằng. ""Đưa vợt anh tiếp banh High and low Từ thấp đến trên cao Ta chỉ gặp chơi Pickleball."" Hình ảnh ""High and low"" và ""từ thấp đến trên cao"" được xem như một ẩn dụ về sự dao động cảm xúc và những thăng trầm trong quan hệ. Đây là lúc mà mối quan hệ đạt đến sự hòa hợp nhất: một sự nhịp nhàng giữa cao và thấp, giữa chủ động và bị động. Sự nhấn mạnh ở câu cuối ""Ta chỉ gặp chơi Pickleball"" là một lời khẳng định rằng mối quan hệ, dù có phức tạp hay đầy thử thách, vẫn cần được giữ trong khuôn khổ của sự tôn trọng lẫn nhau. Tác giả đã khéo léo sử dụng sự lặp lại và nhịp điệu đối xứng trong khổ cuối để gợi lên hình ảnh một trò chơi hoàn chỉnh, đồng thời kết thúc bài thơ bằng một lời nhắc nhở nhẹ nhàng về ý nghĩa của sự giao thoa mà không làm mất đi sự hài hòa. Bài thơ Pickleball của Đỗ Phú Quí đặc sắc bởi sự kết hợp giữa ngôn ngữ hài hước, biểu tượng đối nghĩa và những suy nghĩ nghiêm túc về giới hạn. Qua bài thơ, tác giả nhắc nhở chúng ta về sự tôn trọng nhịp điệu và giới hạn trong giao tiếp, để duy trì sự hài hòa và lành mạnh trong các mối quan hệ. (Bài được làm bởi chát gờ pờ tờ btw)Phân tích bài thơ Pickleball của Đỗ Phú Quí Đỗ Phú Quí là một tác giả được biết đến với phong cách sáng tác độc đáo, kết hợp giữa trào phúng hài hước và những suy ngẫm đối với đời sống. Các tác phẩm của ông thường được nhận diện bằng sự tế nhị, dễ hiểu nhưng ẩn chứa nhiều ý nghĩa sâu sắc. Trong nền văn học hiện đại, Đỗ Phú Quí góp phần đệ cao tinh thần trào phúng, gửi gắm những suy nghĩ mới mẻ về các khía cạnh trong đời sống. Bài thơ Pickleball là một tác phẩm tiêu biểu cho phong cách hài hước và tư duy biện chứng của tác giả. Qua hình ảnh môn thể thao pickleball, tác giả khéo léo đào sâu vào một khía cạnh quan trọng trong mối quan hệ con người: sự giao thoa, giới hạn và nhịp điệu. ""Anh hẹn em Pickleball Ta vờn nhau Pickleball Tay vợt bên dưới hông Anh đập banh, đập banh Đến em mạnh vào Ta chỉ chơi Pickleball Không nên vượt mức Pickleball Đưa vợt anh tiếp banh High and low Từ thấp đến trên cao Ta chỉ gặp chơi Pickleball."" Bài thơ Pickleball có bố cục đơn giản, nhằm nhấn mạnh những khoảnh khắc giao thoa qua lối chơi thể thao. Mạch cảm xúc trong bài thơ chuyển từ vui tươi, tương tác cho đến những suy nghĩ nghiêm túc về giới hạn và nhịp điệu. ""Anh hẹn em Pickleball Ta vờn nhau Pickleball Tay vợt bên dưới hông"" Mở đầu bài thơ, tác giả dùng các động từ ""hẹn"" và ""vờn"" nhấn mạnh tính giao lưu, đối chọn qua lại giữa hai nhân vật trữ tình. Hình ảnh ""tay vợt"" đặt ở vị trí tinh tế, tạo liên tưởng vừa nghịch ngợm vừa hàm ý về sự nhịp nhàng trong quan hệ. Động từ ""vờn"" gợi ra một trò chơi nhẹ nhàng nhưng không kém phần kịch tính, vừa giữ được sự gần gũi vừa tránh đi sự áp đặt trong tương tác. ""Anh đập banh, đập banh Đến em mạnh vào Ta chỉ chơi Pickleball Không nên vượt mức Pickleball"" Những câu thơ này tăng cường tính chuyển động qua các động từ liên tiếp. ""Đập banh"" nhấn mạnh sự đối đầu nhịp nhàng, tạo nên một bầu không khí căng thẳng nhưng thú vị. Cụm từ ""không nên vượt mức"" là lời nhắc nhở nhẹ nhàng về giới hạn trong trò chơi cũng như trong quan hệ giữa người với người. Đây không chỉ là quy tắc trong thể thao mà còn là một bài học sâu sắc về sự kiểm soát và tôn trọng lẫn nhau trong cuộc sống. Cách sử dụng lặp từ ""Pickleball"" không chỉ nhằm tạo nhịp điệu mà còn khắc sâu ý tưởng rằng mọi mối quan hệ cần được xây dựng trên nền tảng trò chơi công bằng và vui vẻ, không nên vượt quá giới hạn để tránh sự tổn thương hay mất cân bằng. ""Đưa vợt anh tiếp banh High and low Từ thấp đến trên cao Ta chỉ gặp chơi Pickleball."" Hình ảnh ""High and low"" và ""từ thấp đến trên cao"" được xem như một ẩn dụ về sự dao động cảm xúc và những thăng trầm trong quan hệ. Đây là lúc mà mối quan hệ đạt đến sự hòa hợp nhất: một sự nhịp nhàng giữa cao và thấp, giữa chủ động và bị động. Sự nhấn mạnh ở câu cuối ""Ta chỉ gặp chơi Pickleball"" là một lời khẳng định rằng mối quan hệ, dù có phức tạp hay đầy thử thách, vẫn cần được giữ trong khuôn khổ của sự tôn trọng lẫn nhau. Tác giả đã khéo léo sử dụng sự lặp lại và nhịp điệu đối xứng trong khổ cuối để gợi lên hình ảnh một trò chơi hoàn chỉnh, đồng thời kết thúc bài thơ bằng một lời nhắc nhở nhẹ nhàng về ý nghĩa của sự giao thoa mà không làm mất đi sự hài hòa. Bài thơ Pickleball của Đỗ Phú Quí đặc sắc bởi sự kết hợp giữa ngôn ngữ hài hước, biểu tượng đối nghĩa và những suy nghĩ nghiêm túc về giới hạn. Qua bài thơ, tác giả nhắc nhở chúng ta về sự tôn trọng nhịp điệu và giới hạn trong giao tiếp, để duy trì sự hài hòa và lành mạnh trong các mối quan hệ. (Bài được làm bởi chát gờ pờ tờ btw)"
"@minhquan3884
1 năm trước",Xuất Thân Từ Trương Chình Anh Trai Say Gex Có Khác
"@AnhhàoVõ-s3t
5 tháng trước",S ai cx sợ bài này v thấy hay mà
"@Cuudenhiphopofficia
9 tháng trước",E xl vì đã chê bài của anh khi nghe thao túng tâm lý của awai 0:41
"@EchKaimon
1 năm trước","3:15 khúc này hay nhất luôn, cảm ơn đỗ phú quý đã làm ra khíc này ạ,"
"@nvinhh208
1 năm trước","Phân tích 2 câu hát ""Anh hẹn em Pickleball, ta vờn nhau Pickleball "" trong mv Pickleball của Đỗ Phú Quí. Câu hát của Đỗ Phú Quí mang đến một cảm giác vừa giản dị, vừa sâu sắc, khiến người nghe không thể không suy ngẫm. “Anh hẹn em Pickleball” không chỉ đơn thuần là một lời rủ rê chơi thể thao, mà nó còn chứa đựng một thông điệp yêu thương chân thành, mộc mạc. Trong khoảnh khắc ấy, hình ảnh Pickleball không chỉ là một môn thể thao vui nhộn, mà nó trở thành biểu tượng của sự kết nối sâu sắc, là nơi đôi tình nhân cùng nhau chia sẻ những khoảnh khắc đẹp, hòa mình vào từng pha bóng, từng tiếng cười, bỏ lại mọi lo toan bộn bề của cuộc sống để tận hưởng trọn vẹn giây phút bên nhau. Câu hát “Ta vờn nhau Pickleball” chính là sự tinh tế trong cách thể hiện tình yêu, một sự kết nối khéo léo giữa thể thao và cảm xúc. Mỗi cú vợt, mỗi pha giao bóng tưởng chừng đơn giản, nhưng lại là một nhịp đập của trái tim, một cách thức để đôi bạn xác nhận rằng tình yêu không cần phải cao xa hay đầy những lời hứa hẹn mỹ miều, mà chỉ cần sự hòa hợp và sẻ chia trong từng khoảnh khắc nhỏ bé. Pickleball, trong lời ca ấy, trở thành một hành trình tình yêu, nơi hai con người cùng nỗ lực không chỉ để giành chiến thắng trong từng pha bóng mà còn để gìn giữ một tình yêu bền vững và hạnh phúc lâu dài. Tuy là một môn thể thao có phần vui nhộn, nhưng dưới lớp vỏ đơn giản ấy, câu hát lại khiến người nghe xúc động bởi thông điệp tình yêu đời thường mà nó truyền tải. Đó là tình yêu không cần phải phô trương, không cần những lời nói lớn lao, mà chỉ cần sự gần gũi, giản dị, và sự sẵn sàng vun đắp từng ngày. Nó là tình yêu biết hòa mình vào những điều nhỏ nhặt nhất, nhưng lại có đủ sức mạnh để khiến người ta nhớ mãi. Mỗi pha bóng trong cuộc chơi, mỗi cử chỉ, mỗi tiếng cười cùng nhau đều là những dấu ấn đong đầy cảm xúc, là những điều mà mỗi con người đều ao ước có được trong tình yêu. Chính sự giản dị, tự nhiên và dễ gần trong câu hát đã tạo nên một sức hút mạnh mẽ đối với người nghe, khiến họ không chỉ cảm nhận được một tình yêu đầy ý nghĩa mà còn muốn tự mình trải nghiệm một mối quan hệ như vậy. Đó là một tình yêu giản đơn nhưng lại vĩ đại, một tình yêu có thể được vun đắp từ những điều nhỏ bé nhưng lại mang đến niềm hạnh phúc lớn lao."
"@Beyeulichsu
9 tháng trước",GLOOMII CHÊ NÀY ĐÔ PHÚ QUÍ!
"@delane_0107
1 năm trước",Sheeshhhhhhhhhhhhhhhhhhhhhh
"@Worztder1.6
1 năm trước",Tôi nhận ra đến j97 hay mấy thảm hoạ âm nhạc ngày xưa cũng không tệ đến thế sau khi nghe bài hát này.
"@AnThien-dt5qw
1 năm trước","1 sản phẩm cẩu thả, thiếu tôn trọng khán giả, lời văn sáo rỗng, video vô nghĩa, nhìn chẳng khác gì đang quay quảng cáo sân pickleball vs áo thể thao. Tổng thể là 1 sản phẩm không kính nghiệp. Hy vọng anh đọc được nhìn bình luận này và đừng để chiếc MV này làm xấu sự nghiệp ca hát của anh, xem video mà cộc hết cả người."
"@ThanhBình-w8v
1 tháng trước","Là một người gắn bó với âm nhạc được 5 năm rồi , tôi nhận xét đây là lạm phát âm nhạc"
"@LinhBui-ve8wc
9 tháng trước",Xem MIQ tập 3 xong tự nhiên thấy cũng cũng mấy pà ơi cíuuu
"@baobtle3996
9 tháng trước",Không coi quá 3 phút được
"@exposedvu8983
6 tháng trước","Chê gì, 10 năm nữa chúng mày cũng gọi thứ này là huyền thoại =))"
"@hdsmsmart
9 tháng trước",Có sự kiện gì liên quan Pickleball là lên xem lại
"@marcophu
10 tháng trước",Hôm nay mình đi chơi pickleball luôn này
"@HằngDương-i8k
6 tháng trước",Lúc còn sống tôi hay bật nhạc này ở đám tang của những người thân đã khuất
"@Ngocphanm21
9 tháng trước",Hãy cho bài này vào top1 những bài hát đáng sợ nhất
"@VĩnhÂnTrầnQuốc
9 tháng trước",Bạn em rất ngiệng điện thoại nhưng khi nghe bài nay thì nó không bao giờ đụng vào điện thoại luôn cảm ơn tác giả
"@taianh8013
3 tháng trước",chắc có mình thôi là thấy ông này hát hay <3
"@QingLing1996M
4 tháng trước",Bài hát với tiêu đề nói về độ depzai anh ấy
"@phucnguyen-oo2yc
9 tháng trước",Ê chs pickleball thôi có cần nằm ko tưởng ổ tắm nắg á bây
"@NgPhThao-b2c
10 tháng trước",T vừa nghe bài thao túng tâm trí của awai đi qua đây liền nghe pickleball rửa tai :)))
"@Chioan-kd5xz
8 tháng trước",Anh xin lỗi là đây là hình tròn tra tấn man rợ nhất thế giới
"@TrườngAnĐỗ-m5i9g
9 tháng trước",Tui cũng quen người tên Phú Quý
"@PhanHue-e3e
9 tháng trước (đã chỉnh sửa)","Cái nhạc này hay,mà là hay cho kẻ sad nhân vì nó khiến con mồi bị điếc"
"@kghbeavertappings
9 tháng trước",Ông Ngô Tuấn Nhiệm thèm chơi Pickleball kìa!
"@phuongtnet
9 tháng trước",con trai ko phai con gai
"@thaonguyen-hh5df
2 tuần trước","Bạn tôi một người sống thực vật đã có thể đứng dậy tắt bài hát, cảm ơn anh"
"@guesst15
3 tháng trước (đã chỉnh sửa)","bài hát này đã giúp nước sông Hằng sạch hơn 50 lần,cảm ơn tác giả và nhờ đó tôi có thể uống nó"
"@QueBaSau
4 tháng trước",Nếu bài này ra sau last nght thì ngol r
"@catpaintingDH
6 tháng trước",nhờ bài này mà lên rank trong liên quân :)))))
"@vịt-g2w
6 tháng trước","""Pickelball funk"""
"@DoHuyHoangGD
1 tháng trước","Tôi vừa mới nghe bài ""1 Việt Nam mới tinh"" và cảm thấy ""Pickleball"" là 1 bài hát có giai điệu khá là lôi cuốn."
"@ThatNguyen-lo4tj
6 tháng trước",Tôi cảm giác ko khí bây h đã bị nhiễm chất phóng xạ
"@iemnguyen6958
8 tháng trước",Đi một mình chỉ cần mở pickleball lên thì không có con muỗi hay ma nào cả
"@JssjGsh
9 tháng trước",Anh là đom đóm hay là sky dị
"@kin2122
6 tháng trước","Nhờ có ài hát này, bn tôi bị bệnh người thực vật đã đứng dậy được (để tắt bài hát), cảm ơn tác giả!"
"@whattonamemeidk
1 tháng trước","""thick of it"" còn sợ bài này chứ"
"@VũDuyTrầnNguyễn
7 tháng trước",đang bón nghe xong ra luôn
"@VuuAn-mp4oi
6 tháng trước",Ủa hay mà ta:))
"@LeonaGacha
6 tháng trước",gặp creeper mở bài này
"@Sinh-To-Rau-Ma-36
10 tháng trước",Nếu bài này xuất hiện vào 2020 covid sẽ bị lãn quên vào dĩ vãng
"@sonta5293
10 tháng trước",Cảm ơn bạn đã cho tôi thêm động lực nghỉ chơi pick vì bài này
"@LoiHongQuanTran-hn3qq
7 tháng trước",Đọc Cmt. Thấy bài này giúp được nhiều người.
"@Vai_Dep_Phuong_Hoang
8 tháng trước",Ko thak nào coi hết mà bật max volume
"@nguyennguyenho4246
9 tháng trước",em nợ anh đỗ phú quý một lời xin lỗi(thao túng tâm trí)
"@tobishiramc105
9 tháng trước",tnhien thấy pickleball hay hơn bài thao túng tâm trí=)))
"@nguyenleducanh5296
6 tháng trước",sau khi qua last night của quốc kang thì phải qa đây nghe để rửa tai
"@uongtangcucsuc510
9 tháng trước","Nhạc này ở tầm cao cỡ... ""thick of it"""
"@DangMinh-d8f
7 tháng trước",Bài này có thể giúp tôi trừ tà vào vào virus ở máy thật tuyệt!
"@LoisTran-s3g
3 tháng trước","Sau khi nghe bài "" Thao túng tâm trí"" thì tôi thấy bài này của Đỗ Phú Quí đúng là tuyệt phẩm mà"
"@susigame5373
1 tháng trước",Có ai từ bài của tổng tài qua đây rửa tay không
"@Ribogaming-ju2kl
8 tháng trước",Tôi nghe xong là muốn lên thiêng đàng lun
"@BìnhPhạm-w4x6g
10 tháng trước",cảm ơn vì lúc nào học bài buổi tối bật bài này lên chẳng sợ ma nữa (mặc dù bị điếc rồi):)
"@KhánhLinhNguyễn-v6f
9 tháng trước",tai đang ổn định nghe bài này ù tai luôn
"@ĐứcAnhNguyễn-v8e3c
4 tuần trước",Ko bt ai nghe nổi hết bài này ko
"@noob_vn-YT
5 tháng trước",Em dùng bài đấy thì em dùng trừ tà mà là em hết sợ
"@onlybo102
9 tháng trước",a quí chắc chắn sẽ đi vào lịch sử âm nhạc nước nhà
"@taianh10103
1 tháng trước",T đã quá khắt khe vs pickleball sau pha mv tra tấn lỗ nhị kia :))
"@ngynn._.4869
8 tháng trước","Nghe xong bài "" Hoàng tử MG "" với "" Thao túng TL"" thì t thấy pickleball cũng hay và t nhận ra trong 5 nay còn nhiều bài ""khủng bố hạt nhân ""hơn nx=)))"
"@dnatarotb2d2
5 tháng trước","Đang chạy deadline buồn ngủ thì nhớ tới vid này, thực sự giúp bản thân ta tỉnh táo vì muốn chửi thề :)) dm tác giả"
"@ChíTiếnNguyễn-s4p
7 tháng trước",Người nhà mình mới mất lúc đám tang mình mở lên người đó tỉnh dậy xong rồi tắt
"@Nguyenducvu1234
8 tháng trước",2025 ai còn xem không?
"@buubuitan
5 tháng trước",Ai cung noi tham hoa thay toi cho chu kenh
"@kghbeavertappings
9 tháng trước",Đặng Đình Tuấn càng béo thì chơi Pickleball luôn đi cho rồI!
"@CuongNguyen-h8b3o
7 tháng trước",Nỗi ác mộng bắt đầu gồm pickerball và j97
"@HướngNguyễn-s3h9d
7 tháng trước",2025 có ai nghe không
"@longnhật-c1i
5 tháng trước",xin lỗi ah sau khi nghe đc bài bang bang vĩnh cửu em đã hối hận khi nói bài này tệ
"@quocchi_97
4 tháng trước",Ai còn nghe ko
"@truongthanhsi3145
9 tháng trước",Hồi đó cháu bị chửi hoài nên nghe pickleball rồi cháu điếc luôn.Cám ơn chú đã cho con nghe bài này
"@ThịkimliênĐặng-h4g
9 tháng trước",anh hẹn em pikleball
"@hahaha-d9
2 tháng trước",Con cún nhà tôi bị liệt chân khi tôi bật bài này nó liền chạy đến cắn điện thoại
"@tuonglamnguyen7975
8 tháng trước","Bạn tôi bị tai nạn xe, khoảng 2 phút sau, cái spotify của nó phát bài này. Nó như được hồi sinh, ngồi dạy tắt nhạc đi. Cảm ơn Đỗ Phú ""Quí"""
"@huynguyen-qm1ls
10 tháng trước",??? Sao t từ video cờ vua link câu đố lại ra cái này
"@thepepsi400
9 tháng trước","Lúc trước đi học toàn bị bạn bè trêu chọc nói xấu bên tai, nhờ có bài hát này mà tôi điếc mẹ luôn. Nhờ thế mà tôi ko nghe ai thì thầm nữa, cảm ơn tác giả."
"@DauPham-v2p
8 tháng trước",Ông mình mất sớm mình ra mộ thăm ông .em mình bật bài này tự nhiên ông mình dậy bảo em mình tắt nhờ đó bố mẹ mình mới tính được chuyện chia đất . Cám ơn anh
"@Me2embe886
9 tháng trước",Xem xong chết não 30 ngày
"@lyth8694
4 tháng trước",Sao nghe mà tôi thấy ẻ chảy vậy ( ý kiến cá nhân)
"@thoxay40
2 tháng trước","mẹ tôi đã hát bài này ru em trai tôi ngủ, và cho đến hiện tại, tôi vẫn chưa thấy nó tỉnh dậy"
"@talundibennhau
3 tháng trước",ở đây có ai từ qkang zô đây 0 ạ
"@vuinguyen4147
2 tuần trước",Mình mở bài pickleball của Đỗ Phú Quí lên là đc quá ez
"@phú-c9b
9 tháng trước",Tôi đang táo bón nghe xong tôi như bị tiêu chảy vậy cảm ơn chủ kênh đã giúp tôi
"@thinhungle384
9 tháng trước",nghe xong nỗi da gà đang định nhờ ba làm sạch tai mà nghe bài này xong tai thông hẳn ko cần nhờ nữa
"@Kushinacóthgcon
7 tháng trước",Anh hẹn em pickle ball
"@no0001-x9h
1 tháng trước",Nhạc pí cà bon còn hay hơn nhạc Việt Nam mới tinh sáng tác của Vstar ae ạ
"@anhtraisaygex3007
6 tháng trước",Nhờ bài này mà vuốt tâm phi phai auto full đỏ
"@tranhieunong1050
9 tháng trước",Sao nghe cứ như đang đjtnhau vậy mọi người
"@lanhlungthang8341
2 tháng trước",tiktok qua đây
"@ucanhtran5849
9 tháng trước","Bài hát này thích hợp để nghe khi đi máy bay, xác suất để hai thảm họa xảy ra thấp lắm"
"@tuquach1198
4 tháng trước","Bye anh em t đi đầu thai đây, t sẽ rất nhớ mọi ng"
"@VănMinhPhạm-o7n
9 ngày trước",Phải mơt bài này nghe để rửa tai sau khi nghe bài Một Việt Nam mới tinh
"@DuongPham-bo6qz
9 tháng trước",Độc lập tự do hạnh phúc
"@Quaquyt123
1 tháng trước","Xin lỗi Pickale ball.Vì nghĩ lại thì bài này vẫn còn hay chán so với nhạc quốc kang và ""Việt Nam mới tinh"""
"@ucNguyen-sw5un
5 tháng trước",Từ lúc nghe bài này là t không thể nhìn vào bộ môn này một cách bình thường được nữa =))) cứ mỗi lần qua sân pickle ball là nhạc tự nhảy trong đầu
"@shirakiinririchiyo1144
2 tuần trước",1 năm sau vẫn nghe bài này
"@ChocVG
10 tháng trước",Em xin lỗi anh quí
"@fordgaming1965
7 tháng trước",H nghe lại thấy hayy=))
"@hoainam-qm5vz
5 tháng trước",hay quá người điếc bảo nhạc rất hay
"@duongquocdungvlog5013
9 tháng trước",Tối nghe xong bài này mới ngủ được
"@taehyungstan7325
9 tháng trước",Kkk mé hài từ cái mặt ông đóng MV đến cái bài nhạc
"@keoconreal
9 tháng trước (đã chỉnh sửa)",lê tuấn khang đạt 13.7M follow r ae(thấy mà không tim bình luận này sẽ bị gay)
"@thevinhtran-p1v
9 tháng trước",Hok hay bằng bài thời học sinh :))
"@NhanPham-u4l
2 tháng trước",Tao nge tới pickleball là tao hiểu ngay mấy thành phần hư trên mxh
"@vuagaylord
5 tháng trước",Bài này dở đến nỗi tôi cũng phải bấm vào xem:))
"@vinhnguyen9557
9 tháng trước","nghe rất thư giãn, thoải mái mà sao mọi người chê thế nhỉ ?"
"@simplorwy
1 tháng trước",Cảm giác sau khi nghe Việt Nam mới tinh t cảm giác pickeball cũng kh khó nghe đến v...
"@D.Q.An2008
1 tháng trước",Sau khi nghe nhạc quốc kang tự nhiên thấy pickelball rất hay
"@kietluong-bi5dz
7 tháng trước",nghe 30 giây như bị tra tấn
"@phamqui6224
6 tháng trước",Bài nhạc này ra đc 7 tháng nay tui mới đủ can đảm vô nghe. Quyết định 7 tháng sai làm chỉ trong 1 phút nông nổi
"@khuongpham92
9 tháng trước",BÀI NÀY THẬT RA NGHE 1 2 LẦN SẼ THẤY KHÔNG CÓ NỘI DUNG LỜI THÌ KHÁ VÔ NGHĨA. NHƯNG KHI NGHE 80 LẦN THÌ TÔI NHẬN RA ĐÚNG CMN THẬT LUÔN. ĐANG NGHE LẦN 81 XEM CÓ NGỘ RA GÌ KHÔNG !
"@LTU2211
3 tuần trước (đã chỉnh sửa)",Não đã chạy trc khi nó thối
"@minhtuan3366
10 tháng trước","mình năm nay 17 tuổi và đang mắc ung thư giai đoạn cuối, khi nghe thấy nhạc của đỗ phú quí, dường như căn bệnh thực vật mãn tính của mình đã được chữa khỏi, mình đứng dậy và tắt nhạc"
"@cooldudegaming5833
9 tháng trước",Thick of it phiên bản tiếng việt
"@Krealight0
9 tháng trước",Cảm ơn cha mẹ đã sinh ra con để con nghe được bài hát này
"@atquang3356
8 tháng trước","Lúc trước đi học toàn bị bạn bè trêu chọc nói xấu bên tai, nhờ có bài hát này mà tôi điếc mẹ luôn. Nhờ thế mà tôi ko nghe ai thì thầm nữa, cảm ơn Đỗ Phú Qúy :))"
"@thihoangnguyen4625
9 tháng trước","Cảm ơn nhé ""nhờ anh nên chị em vào bệnh viện rồi sau đó mẹ em lấy đồ bảo hộ rồi"
"@onee-chan5802
1 tháng trước (đã chỉnh sửa)",Sau khi tôi nghe xong bài Việt Nam mới tinh thì tôi cảm thấy bài này hay gấp mấy lần bài đó.
"@hoangduong-z1u
5 tháng trước","Cảm ơn, bạn tôi bị gãy chân mà nhờ nhạc bạn mà nó phải đứng dậy để tắt"
"@Hainguyen123-b9s
2 tuần trước",sau khi nghe việt nam mới tinh thì nhạc anh còn hay chán
"@enderduy7016
7 ngày trước",nghe cái bài vn mới tinh gì đó xong qua đây rửa tai phát
"@NgocLongDo-eq6wf
7 tháng trước",bài hát đã giúp đứa bạn đã chết của tôi sống lại
"@noheadnoname4998
5 tháng trước","Nghe last night xog pk qua nghe nhạc a,quá hay"
"@HoàiAnLêPhước
5 tháng trước",Cảm ơn anh đã hồi sinh con rùi của em :)))
"@Côngchúatuyết_08
7 tháng trước",Ê nghe lần đầu mà thấy nó cx hay mà
"@ViệtNam-y67
9 tháng trước",Thằn bạn tôi bị liệt chân và khi nghe bài này nó đã biết đi để tắt nhạt Cảm ơn tác giả
"@tuantutran4224
7 tháng trước",Đã 5 tháng r nhanh tht
"@minhchien8181
9 tháng trước",Hôm nay tôi đi ẻ thì do không ăn rau nên táo bón. Nhờ bật bài này lên mà cục phân tự động rơi luôn Cảm ơn tác giả
"@PhoneUg-m9k
2 tháng trước",Nghe xong bài lỡ rồi tự nhiên thấy bài này hay hơn
"@ongphuong4809
8 tháng trước",Ít ra bài này nghe còn được hơn mấy bài phai phai và 1 số bài khác
"@hiendang9243
7 tháng trước",bài nhạc này giúp cho ng bn bị điếc 2 năm khi nghe dc bài này đã thông lỗ tai và nghe dc mọi thứ. Cảm ơn bài hát này rất nhiều !!!
"@T34arenabreakout16
6 tháng trước",Nghe bài này tht sự đi vs dễ hơn
"@ĐứcAnhcuti2k11TVchannel
5 tháng trước",Ai chs pickle ball voi bác ko
"@Keyonvu2609
10 tháng trước",thấy cũng hay mà ta!
"@Iris-ie1rd
9 tháng trước",Cảm ơn anh đã giúp chị e thoát bệnh táo bón
"@Damian_Nguyen1945
6 tháng trước",Có ai nghe bài last night của quốc kang gì gì đó xong qua đây để đảm bảo lỗ tai còn hoạt động không :))))
"@bachhotv990
9 tháng trước",tính ra cũng hay mờ=)))))
"@song_châm0805
8 tháng trước",Tui lm kiểu tra khảo phạm nhân để lấy lời khai khó lắm nhưng từ khi có cái bài này là phạm nhân nó khai tuốt tuồn tuột luôn cảm ơn tác giả rất nhiều
"@YếnNguyễn-u1n3h
7 tháng trước",Từ bài a cover Không lời qua đây hihi
"@ndtbtl
10 tháng trước",Thật sự rất hay ( ko phải vì tôi mới nghe THAO TÚNG TÂM TRÍ )
"@victoryangg
9 tháng trước",Nhờ cái bài lờ này thì chỗ nào cũng có keyword chả mấy liệ quan
"@Zubat1028-v6k
4 tháng trước","Sao khi coi ""em sáng"" thì thấy bài này cũng k tệ lắm"
"@Hai-Robert
9 tháng trước",Banh banh banh bạch bạch bạch bạch … đoạn này hay nhất cả bài
"@khangnatri
8 tháng trước",bà tôi sau khi nghe bài này đã phải sống dậyđể tắt nó đi
"@SoLaHoangQuanLop
2 tuần trước (đã chỉnh sửa)",Tại sao lại có 69k like vậy️
"@thutrangvu-vs7dn
8 tháng trước",Chịu bài này kinh khủng vậy mà ra đc
"@ngotunglam2016
7 tháng trước",Thằng em tui quậy như điên khi nghe thì khóc mẹ luôn
"@LinaPlayy04
1 tháng trước",Bài này đã rửa tai giúp tui thoát khỏi quốc kang tiếng vọng từ cõi âm
"@huybùi-w8k
8 tháng trước",nhạc hay mà mọi người nhờ nghe mà tôi bị điếc luôn
"@soull9079
9 tháng trước","65k lượt thích? cảm ơn những bạn đã thích video này đã cho tôi biết, hóa ra vẫn còn nhiều mảnh đời bất hạnh như vậy trên thế giới này."
"@thaonguyen-hh5df
2 tuần trước","Anh có tìm năng đấy, giấu mẹ nó đi anh ơi"
"@BáuTrần-l4u
9 tháng trước",Mới về con em của mình mở nhạc song ngất luôn
"@hoaimemedz
7 tháng trước",Tự dưng thấy pích cồ bôn cũng hay
"@namdzvcl
5 tháng trước",hơn last night
"@Tuấn_Đạt2010
6 tháng trước (đã chỉnh sửa)","tui thà nghe bài này, nó còn hay hơn cả bài trình"
"@BanNamLe
6 tháng trước",Đây là một trong những thảm họa âm nhạc nguy hiểm nhất lịch sử thế giới
"@PhuongMaiNguyen-ye5uv
7 tháng trước","Đứa bạn của mình bị điếc , mình mở bài pickleball cho nó nghe. Rồi nó đứng dậy tắt cái bài này, nó đã hết điếc, cảm ơn tác giả Đỗ Phú Quí"
"@thithanhtramngo8787
7 tháng trước","Bà tôi mới nghe xong đã nhập viện,tới cả con chó nhà Tôi cũng nghe và đã chết"
"@ngoanchi1491
6 tháng trước",Đang bị táo bón mà nghe xong phọt ra hết luôn và :)
"@ViệtTốngThị-f3i
9 tháng trước",anh hẹn em pickleball nó rất là hay đến nổi khi nghe thằng bạn tôi lên cơn pickleball
"@TienTranvan-nl7ri
4 tháng trước",Lần đầu nghe bài hát ! Xứng đáng là bài hát cứu đc nhiều mảnh đời bất hạnh nhất việt nam ..
"@ThangDino003
1 tháng trước",Tự nhiên thấy hay hơn mấy bài hát mới ra gần đây
"@Chàng_cô.đơn
6 tháng trước",nghe bài này xong khiến t tổn thọ quá
"@mophongthoigian
8 tháng trước","Mình bị trầm cảm, và đang trong quá trình chuẩn bị cho sự ra đi của mình, nhưng may mắn nghe được bài hát này, mình đã có trãi nghiệm qua địa ngục và thấy yêu cuộc sống hiện tại hơn, cám ơn bạn rất nhiều,"
"@vuivetv-xg7gq
9 tháng trước",Quá hay kiệt tác nhân loại
"@ak4id55
9 tháng trước",who's here in 2136
"@ATHANHTUNG-xy3xo
9 tháng trước","cám ơn đỗ phú quý đã làm tôi mù luôn mắt và điếc luôn tai, tôi đã có thể có thu nhập từ đó"
"@minhthaochu3065
10 tháng trước",nghe 1 hồi thấy hay=))))
"@LatteSmith
11 ngày trước",Checkin after 1 year :)))))))))))) Nhạc a vẫn pick như ngày nào :)))))))))))
"@ducklinggaming6235
5 tháng trước",Nghe “last night” xong thấy bài này cũng được
"@huyenphan5301
1 tháng trước","Cảm ơn, nhạc này để tra tấn mấy đứa mình ghét ️️️"
"@trunghuynh2044
9 tháng trước",Chúng ta đang sống trong một thời đại mà ngay cả rác thải cũng được ra mắt dưới dạng nội dung giải trí
"@khduyz
1 tháng trước",Hay hơn edm trái tim rồi
"@TếHuỳnhthanh
9 tháng trước",ĐỘC LẬP - TỰ DO - HẠNH PHÚC
"@xnson.016
7 tháng trước","Trước giờ nhiều người điếc cứ nghĩ bản thân họ tồi tệ, bất hạnh và thiếu đi may mắn trong cuộc sống. Nhưng tôi tin, nếu như họ nghe được những giai điệu này thì người bất hạnh nhất là những người không bị điếc!!!"
"@hoangthienle6267
9 tháng trước",Nhạc hay mà mọi ng hùa nhau chê dữ zậy !?
"@AnPhuc-i5y
4 tháng trước",Cảm ơn anh này nhiều lắm🫡🫡. Thằng bạn của em nó bị liệt toàn thân mà em bắt nhạc này cho nó nghe mà nó đã đứng lên rồi tắt nhạc.
"@dorikhanh
2 tháng trước","giờ nghe lại mới thấy hay, không hiều mọi người nghĩ gì. Trừ phần lyrics ra thì mọi thử đều đến mức nghe được chứ có đến mức đó đâu."
"@drako8429
9 tháng trước","Xin lỗi Đỗ Phú Quý vì đã chỉ trích anh, thì ra đây vẫn chưa phải thảm họa tệ nhất của âm nhạc"
"@LêHânHânlê
9 tháng trước",woa 1 bản nhạc làm t bị điếc cả tai:)
"@ThanhTamGsm-wz8je
6 tháng trước",Ông Năm cũng đẹp trai quá
"@quynhtran2734
3 tháng trước",Bài lên meme rồi đấy
"@hientruong9926
9 tháng trước","Tôi có thằng bạn bị câm bẩm sinh sau khi n nghe đc bài này nó đã thốt lên đc câu ""Ụ moẹ t đang nghe cái l gì thế này"" cảm ơn cs rất nhiều."
"@nudao5744
2 tháng trước","cho vô lớp nghe thì bọn nó bịt hết tai lại, ko thể hiểu"
"@giaphucpham186
3 tháng trước (đã chỉnh sửa)","""Chưa bao giờ tui ghen tị với người điếc như vậy""️️️#Hitnhudatchomoidophuquy thoai"
"@BH8KUE
8 tháng trước",Tâm trạng tệ nghe bài này hợp phết
"@LyNguyen-mj9zx
9 tháng trước",Thấy bài này cũng ổn ổn mà
"@longdang-pj9zr
9 tháng trước",Nhìn gay cấn quá
"@CTA03
9 tháng trước",Ôi ..... Đag cơm cười sặc vì cái lời nhạc
"@cocanuong
8 tháng trước",Ớn lạnh đến tận cốt lõi
"@ViệtTốngThị-f3i
9 tháng trước",pickleball is funk
"@ThangNguyen-mj6yu
9 tháng trước",Xin lỗi píc cà pôn
"@minhthericey
1 tháng trước",mới đây đã 1 năm rùi
"@phmtviet1410
5 tháng trước",tôi quay lại thấy bài này hay vl sau khi nghe last night của blacklions
"@Kofi-chan
5 tháng trước",Anh ơi cảm ơn anh rất nhiều bạn đầu khi em ngủ em luôn cái báo thức nhưng ko chịu dậy khi em cài nhạc của anh bỗng nhiên em hết muộn học
"@melacuaboemlacuaanh3875
5 tháng trước","đúng là hay , k bỏ phí cuộc đời :))))"
"@GiaLinhNguyễn-b6h
8 tháng trước",hay quá anh ơi(may em bị diếc)
"@uctoantran5009
9 tháng trước",vừa nổi da gà vừa buồn cười
"@MinhnhutTran-bq9gm
8 tháng trước",Đỡ hơn 3 bài kia
"@LiênLêVăn-n6g
9 tháng trước",Có thể làm dùng làm vũ khí làm choáng
"@tienkhoa8781
9 tháng trước (đã chỉnh sửa)",Em xin lỗi anh Đỗ Phú Quý Vì đã quá khắc khe với bài Pickleball này sau khi nghe bài Thao Túng Tâm Trí
"@trantrongnguyen2005
3 tháng trước",2025 ai còn nghe chấm cái
"@nguyen-u8c7q
5 tháng trước",Nghe last night của quốc kang chưa
"@AnhHoang-pi5rv
4 tháng trước",Cảm ơn đỗ Phú quý đã giúp tôi 1 lần nữa trong việc thoát táo bón
"@wardenchoibedward
9 tháng trước",em rất hâm
"@nhanle3829
6 tháng trước",Thấy nhiều cmt thấy tội bạn ca sĩ quá tôi sẽ chịu khó lâu lâu vô nghe cày view cho bạn
"@kieudiemphamthi7690
9 tháng trước",nghe sôi tui bai màu
"@vodanhpham133
8 ngày trước",kể ra bài này còn hay hơn việt nam mới tinh nhể
"@fanpoe-mb
5 tháng trước",mình nghe thấy nó hay cho người điếc
"@PhuHungPham-nx8lr
6 tháng trước",Ông ni mặt vui như pic cà bon
"@DUYQUANGNGUYEN-u6b
8 tháng trước","cảm ơn anh vì đã giúp em rất nhiều! trc đây đứa e ghét nhất cứ bám lấy e rất nhiều nhưng sau khi nó nghe bài này, nó đã chuyển trường e xin khâm phúc a"
"@thaibaovokhac5446
10 tháng trước",Sau khi nghe bài thao túng tâm trí thì tôi thấy bài này không hề khó nghe yeah man.Nếu bạn trói tôi và bắt tôi nghe bài này thì tôi sẽ say yes vẫn hơn bài thao túng tâm trí
"@ngoclanvu4620
9 tháng trước",Nghe cũng hay Ko đén nỗi dở mấy:)))
"@jackpanther2798
4 tháng trước (đã chỉnh sửa)","Sau khi nghe xong ""last night"" thì tôi đã đi nghe bài này để rửa tai lẫn não bộ thật cảm ơn tác giả vì đã tạo ra 1 bài hát có thể thanh lọc tà ma"
"@gax-xo1fu
10 tháng trước (đã chỉnh sửa)","Em xin lỗi anh Đỗ Phú Quý, sau khi trải nghiệm bài hát Thao Túng Tâm Trí của Awai em nhận ra anh có một tài năng rất là oách xà lách, nếu tài năng của Sơn Tùng là Thái Bình Dương, anh sẽ là cốc nước còn Awai sẽ là số nước còn lại khi đổ vào lá khoai. Em đã phải nghe đi nghe lại 10 lần để rửa tai, thật sự cảm ơn anh rất nhiều!"
"@Zinna_or_Cloudy
7 tháng trước",bruh tau bị nghiện bích cà bo mẹ roy
"@DJTU01
6 tháng trước",Hay quá chưa bao giờ mình nghe nhạc hay như ậy.hãy cố gắng ra thêm nhạc như này nhé
"@loliFBI6
10 tháng trước","Nghe xong tôi thấy người điếc thật may mắn à mà quên nghe xong tôi bị điếc mom rồi dù sao thì mấy cái thảm họa động đất,sóng thần....nó ko bằng bài hát thảm họa này"
"@NguyễnGiaAn-j9r
3 tháng trước",3:16 phần hay nhất trong bài
"@mrphus123haha
6 tháng trước","Tôi ra mộ thằng bạn tôi chết 5 năm, tôi bật nhạc pickleball cho trên trời nó nghe và sao khi bật nó đứng dậy từ mộ quăng máy nghe nhạc cảm ơn tác giả :)"
"@kietgiang3675
7 tháng trước","Bài hát rất tốt, sau 7 tháng tôi nghe lại vẫn U I A như ngày nào"
"@yummytacos3357
9 tháng trước","cảm ơn ĐPQ vì đã phát hành bài hát này, nhờ nó mà tôi có thể tận hưởng phần bình luận dưới video này mà cười sặc sụa, đau quắn quéo cả bụng, trên đời có thể nói không ai mang lại nhiều tiếng cười như anh đc."
"@wardenchoibedward
9 tháng trước (đã chỉnh sửa)","cảm ơn anh rất nhiều, nếu ko có bài hát này có lẽ cuộc tình của em có thể đã chấm dứt,cô ấy nói ""chia tay đi""và còn nói thêm rằng ""thứ tệ nhất trên thế giới này là việc mình yêu nhau"" .Nhưng bỗng dưng phía sau lại có tiếng nhạc pikedball từ loa của hội người điếc phát ra phía sau, chúng em đã òa khóc vì không ngờ trên đời lại có 1 thứ tệ hơn chuyện tình yêu của chúng em"
"@KhôiNguyễnsuy
8 tháng trước",Sai ah hẹn em đi bỏ con ah hẹn em đi bỏ con ️
"@1000_KI-LO-GAM
9 tháng trước","Cảm ơn ĐPQ nhiều, mấy hôm nay tôi rái tai làm tôi khó chịu vãi a ạ, bữa đi lấy rái tai ông kia bật bài này xong rái tai chạy hết cả ra, giờ đeo tai nghe nghe nhạc thoải mái phết"
"@Calmdown1986
8 tháng trước",chỉ mình tui thấy bài này hay ư nhạc cuốn vãi
"@TheJuruzu
9 tháng trước",PICKLEBALL CHƠI HAY KINH
"@e_yeu_milo
10 tháng trước","cho e nộp đơn xin lỗi anh đỗ phú quý ạ, nghe xong thao túng tâm trí e mới thấy pickleball của anh đã rửa tai cho e"
"@phuongngo8152
9 tháng trước",A lổ tai tôi chạy khi nghe bài này
"@TúLêMinh-l2k
4 tháng trước",Sau khi nghe bài này tôi ỉa chảy 6 ngày 6đem
"@TanNguyen-qh4mf
9 tháng trước",Tôi kể cho mấy Bro nghe tôi có thằng bạn bị câm điếc phẩm xinh mà nghe bài này nó chửi và nghe được luôn=)))))
"@tygay-r7n
9 tháng trước",bạn mình bị điếc bẩm sinh sau khi nghe xong thì có thể đi lại để tắc loa.
"@nguyentri3778
1 tháng trước","Hay đó, chúc mừng vì nhận được tin nhắn này!"
"@talundibennhau
3 tháng trước (đã chỉnh sửa)","2025 nghe lại bài này thấy bài a háy hay hơn bài quốc kang, ông qkang kia hát như tục kinh ý"
"@ThịHuânNhâm
9 tháng trước",Water
"@thientran-h9e
9 tháng trước",nghe xong mà tôi thấy bài này còn thảm họa hơn titanic.....Cũng cảm ơn tác giả đã cho một trải nghiệm rửa tai sạch nhất
"@huunguyen6019
7 tháng trước",Thêm phonk thành siêu phẩm
"@iadvicetonottrythisathome
5 tháng trước",Bạn có tài năng bí ẩn hãy nên để nó bí ẩn Bạn kô bao giờ thất vọng khi đang thất vọng
"@HưngTiến-s6y
5 ngày trước",Pickieball
"@canihaveyourvandal
4 tháng trước","hay quá ạ , tháng 8 2025 ai còn nghe không"
"@duongw.8
5 tháng trước","Tôi bị táo bón mạn tính, từ khi nghe được bài này tôi ỉa chảy mịa luôn"
"@hongqueduong5136
4 tháng trước",sau khi nghe những bài của quốc kang. t đã phải chạy vào đây để rửa tai
"@BoBe-e2m
9 tháng trước",đúng chuẩn luôn
"@huynguyen-jm6lv
9 tháng trước","tác giả quá đỉnh kao, bài nhạc này mà phát hành vào 2019 thì thay vì mua khẩu trang bạn nên đi cắt tai tiếc thay . . . . ."
"@TràPhạm-w6w
9 tháng trước",Cho con chuột nghe luôn
"@diorvaccine991
5 tháng trước",giờ nghe lại thấy hay quá
"@ONG_TUNGADC
9 tháng trước",Thích Ca Ba lùn
"@TheTaiTran
10 tháng trước",Anh trai saygex
"@alexvipku9882
4 tháng trước","Mình hay ngồi cả giờ đi WC khiến người nhà khó chịu vì cứ lướt nội dung suốt. Từ ngày xem bài này mình cầm đt vào nghe mấy phút đã đi tuồn tuột sạch ruột. Cảm ơn tác giả đã ra một bài hát quá trị liệu, nhưng hay thì chưa"
